Title,Distributor,Release Date,Domestic Sales (in $),International Sales (in $),World Sales (in $),Genre,License
The Blair Witch Project,Artisan Entertainment,16-Jul-99,140539099,108100000,248639099,Horror,R
Ghostbusters,Columbia Pictures,8-Jun-84,243578797,53000000,296578797,Action|Comedy|Fantasy|Sci-Fi,NA
Tootsie,Columbia Pictures,17-Dec-82,177200000,177200000,177200000,Comedy|Drama|Romance,NA
A Few Good Men,Columbia Pictures,11-Dec-92,141340178,101900000,243240178,Drama|Thriller,R
Stripes,Columbia Pictures,NA,85297000,85297000,85297000,Action|Comedy|War,NA
Spy Kids 3-D: Game Over,Dimension Films,25-Jul-03,111761982,85339696,197101678,Action|Adventure|Comedy|Family|Sci-Fi,PG
Scary Movie 3,Dimension Films,24-Oct-03,110003217,110670000,220673217,Comedy,PG-13
Scream,Dimension Films,20-Dec-96,103046663,70000000,173046663,Horror|Mystery,R
Scream 2,Dimension Films,12-Dec-97,101363301,71000000,172363301,Horror|Mystery,R
Scary Movie 4,Dimension Films,12-Apr-06,90710620,87552000,178262620,Comedy,PG-13
Scream 3,Dimension Films,4-Feb-00,89143175,72691101,161834276,Horror|Mystery,R
Spy Kids 2: Island of Lost Dreams,Dimension Films,7-Aug-02,85846429,33876929,119723358,Action|Adventure|Comedy|Family|Sci-Fi,PG
Transformers: Revenge of the Fallen,DreamWorks,19-Jun-09,402111870,434191823,836303693,Action|Adventure|Sci-Fi,PG-13
Transformers: Dark of the Moon,DreamWorks,29-Jun-11,352390543,771403536,1123794079,Action|Adventure|Sci-Fi,PG-13
Shrek the Third,DreamWorks,17-May-07,322719944,490647436,813367380,Adventure|Animation|Comedy|Family|Fantasy,PG
Transformers,DreamWorks,28-Jun-07,319246193,390463587,709709780,Action|Adventure|Sci-Fi,PG-13
Shrek Forever After,DreamWorks,20-May-10,238736787,513864080,752600867,Adventure|Animation|Comedy|Family|Fantasy,PG
How to Train Your Dragon,DreamWorks,18-Mar-10,217581231,277298240,494879471,Adventure|Animation|Family|Fantasy,PG
Madagascar 3: Europe's Most Wanted,DreamWorks,6-Jun-12,216391482,530529792,746921274,Adventure|Animation|Comedy|Family,PG
Kung Fu Panda,DreamWorks,5-Jun-08,215434591,416311606,631746197,Action|Adventure|Animation|Comedy|Family,PG
Madagascar: Escape 2 Africa,DreamWorks,30-Oct-08,180010950,423889404,603900354,Action|Adventure|Animation|Comedy|Family,PG
Kung Fu Panda 2,DreamWorks,26-May-11,165249063,500443218,665692281,Action|Adventure|Animation|Comedy|Family,PG
Over the Hedge,DreamWorks,NA,155019340,184776550,339795890,Adventure|Animation|Comedy|Family,NA
Puss in Boots,DreamWorks,27-Oct-11,149260504,405726973,554987477,Action|Adventure|Animation|Comedy|Family|Fantasy,PG
Megamind,DreamWorks,28-Oct-10,148415853,173469912,321885765,Action|Animation|Comedy|Family|Sci-Fi,PG
Bee Movie,DreamWorks,1-Nov-07,126631277,166883059,293514336,Adventure|Animation|Comedy|Family,PG
Blades of Glory,DreamWorks,30-Mar-07,118594548,27115799,145710347,Comedy|Sport,PG-13
Tropic Thunder,DreamWorks,13-Aug-08,110515313,85187650,195702963,Action|Comedy,R
Rise of the Guardians,DreamWorks,21-Nov-12,103412758,203528912,306941670,Adventure|Animation|Family|Fantasy,PG
Dreamgirls,DreamWorks,NA,103365956,52064379,155430335,Drama|Music|Musical,NA
Eagle Eye,DreamWorks,25-Sep-08,101440743,77326640,178767383,Action|Mystery|Thriller,PG-13
Shrek 2,DreamWorks,19-May-04,441226247,487534523,928760770,Adventure|Animation|Comedy|Family|Fantasy|Romance,PG
Shrek,DreamWorks,16-May-01,267665011,220188309,487853320,Adventure|Animation|Comedy|Family|Fantasy,PG
Saving Private Ryan,DreamWorks,24-Jul-98,217049603,265300000,482349603,Action|Drama|War,R
Madagascar,DreamWorks,NA,193595521,348468325,542063846,Adventure|Animation|Comedy|Family,NA
Gladiator,DreamWorks,4-May-00,187705427,277675375,465380802,Action|Drama|Romance,R
Catch Me If You Can,DreamWorks,25-Dec-02,164615351,187498961,352114312,Biography|Crime|Drama,PG-13
Shark Tale,DreamWorks,23-Sep-04,160861908,213721971,374583879,Adventure|Animation|Comedy|Family,PG
What Lies Beneath,DreamWorks,21-Jul-00,155464351,135956000,291420351,Drama|Fantasy|Horror|Mystery|Thriller,PG-13
American Beauty,DreamWorks,15-Sep-99,130096601,226200000,356296601,Drama,R
Chicken Run,DreamWorks,23-Jun-00,106834564,118000000,224834564,Adventure|Animation|Comedy|Drama|Family,NA
Road to Perdition,DreamWorks,12-Jul-02,104454762,76546716,181001478,Crime|Drama|Thriller,R
The Prince of Egypt,DreamWorks,18-Dec-98,101413188,117200000,218613188,Adventure|Animation|Biography|Drama|Family|Fantasy|Musical,PG
Collateral,DreamWorks,5-Aug-04,101005703,119234222,220239925,Crime|Drama|Thriller,R
The Haunting,DreamWorks,23-Jul-99,91411151,85900000,177311151,Fantasy|Horror|Mystery|Thriller,PG-13
Antz,DreamWorks,2-Oct-98,90757863,81000000,171757863,Adventure|Animation|Comedy|Family,PG
Anchorman: The Legend of Ron Burgundy,DreamWorks,9-Jul-04,85288303,5421064,90709367,Comedy,PG-13
Olympus Has Fallen,FilmDistrict,20-Mar-13,98925640,71344561,170270201,Action|Thriller,R
Insidious: Chapter 2,FilmDistrict,13-Sep-13,83586447,78332871,161919318,Fantasy|Horror|Thriller,PG-13
Brokeback Mountain,Focus Features,9-Dec-05,83043761,95018998,178062759,Drama|Romance,R
Juno,Fox Searchlight Pictures,5-Dec-07,143495265,88877416,232372681,Comedy|Drama|Romance,PG-13
Slumdog Millionaire,Fox Searchlight Pictures,12-Nov-08,141319928,237090614,378410542,Drama|Romance,R
Black Swan,Fox Searchlight Pictures,3-Dec-10,106954678,222443368,329398046,Drama|Thriller,R
The Descendants,Fox Searchlight Pictures,NA,82584160,94659025,177243185,Comedy|Drama,NA
My Big Fat Greek Wedding,IFC Films,19-Apr-02,241438208,127305836,368744044,Comedy|Family|Romance,PG
The Hunger Games: Catching Fire,Lionsgate,15-Nov-13,424668047,440343699,865011746,Adventure|Sci-Fi|Thriller,PG-13
The Hunger Games,Lionsgate,8-Mar-12,408010692,286384032,694394724,Adventure|Drama|Sci-Fi|Thriller,PG-13
The Hunger Games: Mockingjay - Part 1,Lionsgate,19-Nov-14,337135885,418220826,755356711,Adventure|Sci-Fi|Thriller,PG-13
The Twilight Saga: Breaking Dawn - Part 2,Lionsgate,14-Nov-12,292324737,537422917,829747654,Adventure|Drama|Fantasy|Romance,PG-13
The Hunger Games: Mockingjay - Part 2,Lionsgate,18-Nov-15,281723902,376620235,658344137,Adventure|Sci-Fi,PG-13
Divergent,Lionsgate,20-Mar-14,150947895,137937923,288885818,Adventure|Mystery|Sci-Fi,PG-13
Fahrenheit 9/11,Lionsgate,23-Jun-04,119194771,103252111,222446882,Documentary|Drama|War,R
Now You See Me,Lionsgate,29-May-13,117723989,234000000,351723989,Crime|Mystery|Thriller,PG-13
The Expendables,Lionsgate,12-Aug-10,103068524,171401870,274470394,Action|Adventure|Thriller,R
Madea Goes to Jail,Lionsgate,NA,90508336,90508336,90508336,Comedy|Crime|Drama,NA
Saw II,Lionsgate,28-Oct-05,87039965,60708540,147748505,Horror|Mystery,R
The Expendables 2,Lionsgate,15-Aug-12,85028192,229947763,314975955,Action|Adventure|Thriller,R
Rain Man,Metro-Goldwyn-Mayer (MGM),16-Dec-88,172825435,182000000,354825435,Drama,NA
Die Another Day,Metro-Goldwyn-Mayer (MGM),20-Nov-02,160942139,271028977,431971116,Action|Adventure|Thriller,PG-13
The World Is Not Enough,Metro-Goldwyn-Mayer (MGM),19-Nov-99,126943684,234888716,361832400,Action|Adventure|Thriller,PG-13
Tomorrow Never Dies,Metro-Goldwyn-Mayer (MGM),NA,125304276,207706792,333011068,Action|Adventure|Thriller,NA
GoldenEye,Metro-Goldwyn-Mayer (MGM),NA,106429941,245764093,352194034,Action|Adventure|Thriller,NA
Legally Blonde,Metro-Goldwyn-Mayer (MGM),13-Jul-01,96520674,45254005,141774679,Comedy|Romance,NA
"Legally Blonde 2: Red, White & Blonde",Metro-Goldwyn-Mayer (MGM),2-Jul-03,90186328,34728514,124914842,Comedy,PG-13
Apocalypse Now,Metro-Goldwyn-Mayer (MGM),NA,83471511,8686553,92158064,Drama|War,NA
Chicago,Miramax,26-Feb-02,170687518,136089214,306776732,Comedy|Crime|Musical,PG-13
Good Will Hunting,Miramax,NA,138433435,87500000,225933435,Drama,NA
Spy Kids,Miramax,30-Mar-01,112719001,35215179,147934180,Action|Adventure|Comedy|Family|Sci-Fi,PG
Pulp Fiction,Miramax,14-Oct-94,107928762,106000000,213928762,Crime|Drama,R
The Aviator,Miramax,17-Dec-04,102610330,111109612,213719942,Biography|Drama,PG-13
Shakespeare in Love,Miramax,11-Dec-98,100317794,189000000,289317794,Comedy|Drama|Romance,R
The Others,Miramax,10-Aug-01,96522687,113424350,209947037,Fantasy|Horror|Thriller,PG-13
Cold Mountain,Miramax,25-Dec-03,95636509,77377000,173013509,Adventure|Drama|History|Romance|War,R
The Lord of the Rings: The Return of the King,New Line Cinema,17-Dec-03,377845905,768185007,1146030912,Action|Adventure|Drama|Fantasy,PG-13
The Lord of the Rings: The Two Towers,New Line Cinema,18-Dec-02,342551365,604943730,947495095,Action|Adventure|Drama|Fantasy,PG
The Lord of the Rings: The Fellowship of the Ring,New Line Cinema,19-Dec-01,315710750,581979322,897690072,Action|Adventure|Drama|Fantasy,PG-13
Rush Hour 2,New Line Cinema,3-Aug-01,226164286,121161516,347325802,Action|Comedy|Crime|Thriller,PG-13
Austin Powers in Goldmember,New Line Cinema,26-Jul-02,213307889,83630912,296938801,Action|Comedy|Crime,PG-13
Austin Powers: The Spy Who Shagged Me,New Line Cinema,11-Jun-99,206040086,105976842,312016928,Action|Adventure|Comedy|Crime,PG-13
Elf,New Line Cinema,7-Nov-03,176630408,47223328,223853736,Comedy|Family|Fantasy|Romance,PG
Rush Hour 3,New Line Cinema,8-Aug-07,140125968,117971154,258097122,Action|Comedy|Crime|Thriller,PG-13
Teenage Mutant Ninja Turtles,New Line Cinema,30-Mar-90,135265915,66700000,201965915,Action|Adventure|Comedy|Sci-Fi,NA
The Mask,New Line Cinema,29-Jul-94,119938730,231644677,351583407,Action|Comedy|Crime|Fantasy,PG-13
Hairspray,New Line Cinema,NA,118871849,84681462,203553311,Comedy|Drama|Family|Music|Musical|Romance,NA
Se7en,New Line Cinema,22-Sep-95,100125643,227207916,327333559,Crime|Drama|Mystery|Thriller,R
Monster-in-Law,New Line Cinema,13-May-05,82931301,72526026,155457327,Comedy|Romance,PG-13
Freddy vs. Jason,New Line Cinema,14-Aug-03,82622655,34009973,116632628,Action|Horror|Thriller,R
Blade II,New Line Cinema,22-Mar-02,82348319,72661713,155010032,Action|Horror|Sci-Fi|Thriller,R
The Notebook,New Line Cinema,25-Jun-04,81001787,36813370,117815157,Drama|Romance,PG-13
The Passion of the Christ,Newmarket Films,25-Feb-04,370782930,241271576,612054506,Drama,R
Dances with Wolves,Orion Pictures,9-Nov-90,184208848,240000000,424208848,Adventure|Drama|Western,NA
Platoon,Orion Pictures,19-Dec-86,138530565,15067,138545632,Drama|War,NA
The Silence of the Lambs,Orion Pictures,14-Feb-91,130742922,142000000,272742922,Crime|Drama|Horror|Thriller,NA
Titanic,Paramount Pictures,19-Dec-97,659363944,1542283320,2201647264,Drama|Romance,PG-13
Forrest Gump,Paramount Pictures,6-Jul-94,330455270,347770863,678226133,Comedy|Drama,PG-13
Iron Man,Paramount Pictures,30-Apr-08,319034126,266762121,585796247,Action|Adventure|Sci-Fi,PG-13
Indiana Jones and the Kingdom of the Crystal Skull,Paramount Pictures,21-May-08,317101119,473552823,790653942,Action|Adventure|Fantasy,PG-13
Iron Man 2,Paramount Pictures,28-Apr-10,312433331,311500000,623933331,Action|Adventure|Sci-Fi,PG-13
Star Trek,Paramount Pictures,6-May-09,257730019,127950427,385680446,Action|Adventure|Sci-Fi,PG-13
Transformers: Age of Extinction,Paramount Pictures,25-Jun-14,245439076,858614996,1104054072,Action|Adventure|Sci-Fi,PG-13
War of the Worlds,Paramount Pictures,29-Jun-05,234280354,369592765,603873119,Adventure|Sci-Fi|Thriller,PG-13
Star Trek Into Darkness,Paramount Pictures,8-May-13,228778661,238586585,467365246,Action|Adventure|Sci-Fi,PG-13
Ghost,Paramount Pictures,13-Jul-90,217631306,288072251,505703557,Drama|Fantasy|Romance|Thriller,NA
Mission: Impossible II,Paramount Pictures,24-May-00,215409889,330978219,546388108,Action|Adventure|Thriller,PG-13
Mission: Impossible - Ghost Protocol,Paramount Pictures,14-Dec-11,209397903,485315477,694713380,Action|Adventure|Thriller,PG-13
World War Z,Paramount Pictures,19-Jun-13,202807711,337648165,540455876,Action|Adventure|Horror|Sci-Fi|Thriller,PG-13
Indiana Jones and the Last Crusade,Paramount Pictures,24-May-89,197171806,277000000,474171806,Action|Adventure|Fantasy,PG-13
Mission: Impossible - Rogue Nation,Paramount Pictures,24-Jul-15,195042377,487674259,682716636,Action|Adventure|Thriller,PG-13
Teenage Mutant Ninja Turtles,Paramount Pictures,7-Aug-14,191204754,293800000,485004754,Action|Adventure|Comedy|Sci-Fi,PG-13
Grease,Paramount Pictures,16-Jun-78,190071103,206200000,396271103,Musical|Romance,PG
Interstellar,Paramount Pictures,5-Nov-14,188020017,513709189,701729206,Adventure|Drama|Sci-Fi,PG-13
What Women Want,Paramount Pictures,15-Dec-00,182811707,191300000,374111707,Comedy|Fantasy|Romance,PG-13
Thor,Paramount Pictures,21-Apr-11,181030624,268295994,449326618,Action|Adventure|Fantasy,PG-13
Mission: Impossible,Paramount Pictures,22-May-96,180981856,276714535,457696391,Action|Adventure|Thriller,PG-13
Indiana Jones and the Temple of Doom,Paramount Pictures,23-May-84,179870271,153237000,333107271,Action|Adventure,NA
Captain America: The First Avenger,Paramount Pictures,22-Jul-11,176654505,193915269,370569774,Action|Adventure|Sci-Fi,PG-13
True Grit,Paramount Pictures,22-Dec-10,171243005,81033922,252276927,Adventure|Drama|Western,PG-13
The SpongeBob Movie: Sponge Out of Water,Paramount Pictures,28-Jan-15,162994032,162192000,325186032,Adventure|Animation|Comedy|Family|Fantasy,PG
The Firm,Paramount Pictures,NA,158348367,111900000,270248367,Drama|Mystery|Thriller,NA
The Longest Yard,Paramount Pictures,27-May-05,158119460,33347096,191466556,Comedy|Crime|Sport,PG-13
Runaway Bride,Paramount Pictures,30-Jul-99,152257509,157202783,309460292,Comedy|Romance,PG
Daddy's Home,Paramount Pictures,NA,150357137,92429000,242786137,Comedy|Family,NA
G.I. Joe: The Rise of Cobra,Paramount Pictures,5-Aug-09,150201498,152267519,302469017,Action|Adventure|Sci-Fi|Thriller,PG-13
Deep Impact,Paramount Pictures,NA,140464664,209000000,349464664,Action|Drama|Romance|Sci-Fi|Thriller,NA
The Godfather,Paramount Pictures,15-Mar-72,134966411,111154575,246120986,Crime|Drama,NA
Mission: Impossible III,Paramount Pictures,3-May-06,134029801,264449696,398479497,Action|Adventure|Thriller,PG-13
The Last Airbender,Paramount Pictures,1-Jul-10,131772187,187941694,319713881,Action|Adventure|Family|Fantasy,PG
Lara Croft: Tomb Raider,Paramount Pictures,15-Jun-01,131168070,143535270,274703340,Action|Adventure|Fantasy|Thriller,PG-13
Shutter Island,Paramount Pictures,18-Feb-10,128012934,166792763,294805697,Mystery|Thriller,R
The Curious Case of Benjamin Button,Paramount Pictures,25-Dec-08,127509326,208293460,335802786,Drama|Fantasy|Romance,PG-13
Anchorman 2: The Legend Continues,Paramount Pictures,18-Dec-13,127352707,46297224,173649931,Comedy,PG-13
Super 8,Paramount Pictures,9-Jun-11,127004179,133091807,260095986,Mystery|Sci-Fi|Thriller,PG-13
The Truman Show,Paramount Pictures,NA,125618201,138500000,264118201,Comedy|Drama|Sci-Fi,NA
Rango,Paramount Pictures,2-Mar-11,123477607,122246996,245724603,Adventure|Animation|Comedy|Family|Western,PG
G.I. Joe: Retaliation,Paramount Pictures,27-Mar-13,122523060,253217645,375740705,Action|Adventure|Sci-Fi|Thriller,PG-13
Clear and Present Danger,Paramount Pictures,5-Aug-94,122187717,93700000,215887717,Action|Crime|Drama|Thriller,PG-13
The Hunt for Red October,Paramount Pictures,2-Mar-90,122012643,78500000,200512643,Action|Adventure|Thriller,NA
Wayne's World,Paramount Pictures,14-Feb-92,121697323,61400000,183097323,Comedy|Music,PG-13
The Sum of All Fears,Paramount Pictures,31-May-02,118907036,75014336,193921372,Action|Drama|Thriller,PG-13
Jackass 3D,Paramount Pictures,15-Oct-10,117229692,54456100,171685792,Action|Comedy|Documentary,R
The Wolf of Wall Street,Paramount Pictures,25-Dec-13,116900694,275100000,392000694,Biography|Comedy|Crime|Drama,R
Double Jeopardy,Paramount Pictures,24-Sep-99,116741558,61100000,177841558,Crime|Mystery|Thriller,R
The Addams Family,Paramount Pictures,22-Nov-91,113502426,78000000,191502426,Comedy|Fantasy,NA
Face/Off,Paramount Pictures,27-Jun-97,112276146,133400000,245676146,Action|Crime|Sci-Fi|Thriller,R
Star Trek IV: The Voyage Home,Paramount Pictures,NA,109713132,109713132,109713132,Adventure|Comedy|Sci-Fi,NA
Paranormal Activity,Paramount Pictures,25-Sep-09,107918810,85436990,193355800,Horror,R
The Italian Job,Paramount Pictures,30-May-03,106128601,69941570,176070171,Action|Crime|Thriller,PG-13
How to Lose a Guy in 10 Days,Paramount Pictures,NA,105813373,71689014,177502387,Comedy|Romance,NA
The First Wives Club,Paramount Pictures,NA,105489203,76000000,181489203,Comedy,NA
Paranormal Activity 3,Paramount Pictures,19-Oct-11,104028807,103011037,207039844,Horror,R
The General's Daughter,Paramount Pictures,18-Jun-99,102705852,47000000,149705852,Drama|Mystery|Thriller,R
Noah,Paramount Pictures,20-Mar-14,101200044,258000000,359200044,Action|Adventure|Drama,PG-13
Vanilla Sky,Paramount Pictures,14-Dec-01,100618344,102769997,203388341,Fantasy|Mystery|Romance|Sci-Fi|Thriller,R
The Rugrats Movie,Paramount Pictures,20-Nov-98,100494675,40400000,140894675,Adventure|Animation|Comedy|Drama|Family|Musical,NA
Flight,Paramount Pictures,2-Nov-12,93772375,68000000,161772375,Drama|Thriller,R
The Fighter,Paramount Pictures,20-Nov-09,93617009,35573860,129190869,Biography|Drama|Sport,R
Star Trek: First Contact,Paramount Pictures,NA,92027888,54000000,146027888,Action|Adventure|Drama|Sci-Fi|Thriller,NA
Save the Last Dance,Paramount Pictures,NA,91057006,40649803,131706809,Drama|Music|Romance,NA
Terminator Genisys,Paramount Pictures,25-Jun-15,89760956,350842581,440603537,Action|Adventure|Sci-Fi,PG-13
Failure to Launch,Paramount Pictures,9-Mar-06,88715192,41508966,130224158,Comedy|Romance,PG-13
The Naked Gun 2½: The Smell of Fear,Paramount Pictures,28-Jun-91,86930411,86930411,86930411,Comedy|Crime,NA
Mean Girls,Paramount Pictures,30-Apr-04,86058055,44068222,130126277,Comedy,PG-13
The SpongeBob SquarePants Movie,Paramount Pictures,19-Nov-04,85417988,55649139,141067127,Adventure|Animation|Comedy|Family|Fantasy,PG
Paranormal Activity 2,Paramount Pictures,20-Oct-10,84752907,92759125,177512032,Horror,R
Up in the Air,Paramount Pictures,4-Dec-09,83823381,83019358,166842739,Drama|Romance,R
Patriot Games,Paramount Pictures,5-Jun-92,83351587,94700000,178051587,Action|Thriller,R
Charlotte's Web,Paramount Pictures,7-Dec-06,82985708,65978114,148963822,Comedy|Family|Fantasy,G
Star Trek: The Motion Picture,Paramount Pictures,7-Dec-79,82604699,82604699,82604699,Adventure|Mystery|Sci-Fi,G
Beowulf,Paramount Pictures,14-Nov-07,82280579,114113166,196393745,Action|Adventure|Animation|Fantasy,PG-13
Payback,Paramount Pictures,5-Feb-99,81526121,80100000,161626121,Action|Crime|Drama|Thriller,R
The Talented Mr. Ripley,Paramount Pictures,25-Dec-99,81298265,47501244,128799509,Crime|Drama|Thriller,R
Congo,Paramount Pictures,NA,81022101,71000000,152022101,Action|Adventure|Mystery|Sci-Fi,NA
Jimmy Neutron: Boy Genius,Paramount Pictures,21-Dec-01,80936232,22056304,102992536,Action|Adventure|Animation|Comedy|Family|Sci-Fi,NA
Immortals,Relativity Media,10-Nov-11,83504017,143400000,226904017,Action|Drama|Fantasy|Romance,R
xXx,Revolution Studios,9-Aug-02,142109382,135339000,277448382,Action|Adventure|Thriller,PG-13
Click,Revolution Studios,22-Jun-06,137355633,103329693,240685326,Comedy|Drama|Fantasy|Romance,PG-13
Black Hawk Down,Revolution Studios,28-Dec-01,108638745,64350906,172989651,Drama|History|War,R
Daddy Day Care,Revolution Studios,9-May-03,104297061,60136806,164433867,Comedy|Family,PG
Maid in Manhattan,Revolution Studios,13-Dec-02,94011225,60895468,154906693,Comedy|Drama|Romance,PG-13
America's Sweethearts,Revolution Studios,20-Jul-01,93607673,44700000,138307673,Comedy|Romance,PG-13
Are We There Yet?,Revolution Studios,21-Jan-05,82674398,15244265,97918663,Adventure|Comedy|Family|Romance,PG
The Vow,Screen Gems,9-Feb-12,125014030,71100540,196114570,Drama|Romance,PG-13
Think Like a Man,Screen Gems,20-Apr-12,91547205,4523302,96070507,Comedy|Romance,PG-13
Spider-Man,Sony Pictures,3-May-02,407022860,418002176,825025036,Action|Adventure|Fantasy|Romance,PG-13
Spider-Man 2,Sony Pictures,30-Jun-04,373585825,415390628,788976453,Action|Adventure|Fantasy|Romance,PG-13
Spider-Man 3,Sony Pictures,1-May-07,336530303,558453070,894983373,Action|Adventure|Romance,PG-13
Skyfall,Sony Pictures,25-Oct-12,304360277,804209222,1108569499,Action|Adventure|Thriller,PG-13
The Amazing Spider-Man,Sony Pictures,28-Jun-12,262030663,495900000,757930663,Action|Adventure|Fantasy,PG-13
Men in Black,Sony Pictures,2-Jul-97,250690539,338700000,589390539,Adventure|Comedy|Family|Mystery|Sci-Fi,PG-13
Hancock,Sony Pictures,2-Jul-08,227946274,401497154,629443428,Action|Drama,PG-13
The Da Vinci Code,Sony Pictures,17-May-06,217536138,542470807,760006945,Mystery|Thriller,PG-13
The Amazing Spider-Man 2,Sony Pictures,NA,202853933,506128390,708982323,Action|Adventure|Fantasy|Sci-Fi,NA
Spectre,Sony Pictures,26-Oct-15,200074609,680606910,880681519,Action|Adventure|Thriller,PG-13
Men in Black II,Sony Pictures,3-Jul-02,193735288,251400000,445135288,Action|Adventure|Comedy|Family|Fantasy|Mystery|Sci-Fi,PG-13
22 Jump Street,Sony Pictures,5-Jun-14,191719337,139614539,331333876,Action|Comedy|Crime,R
Hitch,Sony Pictures,11-Feb-05,179495555,192098655,371594210,Comedy|Romance,PG-13
Men in Black 3,Sony Pictures,23-May-12,179020854,445005922,624026776,Action|Adventure|Comedy|Family|Fantasy|Sci-Fi,PG-13
The Karate Kid,Sony Pictures,10-Jun-10,176591618,182534404,359126022,Action|Drama|Family|Sport,PG
Air Force One,Sony Pictures,25-Jul-97,172956409,142200000,315156409,Action|Adventure|Drama|Thriller,R
Hotel Transylvania 2,Sony Pictures,21-Sep-15,169700110,305486596,475186706,Animation|Comedy|Family|Fantasy,PG
Quantum of Solace,Sony Pictures,31-Oct-08,168368427,421212055,589580482,Action|Adventure,PG-13
Casino Royale,Sony Pictures,15-Nov-06,167445960,449056952,616502912,Action|Adventure|Thriller,PG-13
2012,Sony Pictures,11-Nov-09,166112167,625105659,791217826,#N/A,PG-13
The Pursuit of Happyness,Sony Pictures,15-Dec-06,163566459,143561166,307127625,Biography|Drama,PG-13
Big Daddy,Sony Pictures,25-Jun-99,163479795,71322100,234801895,Comedy|Drama,PG-13
Grown Ups,Sony Pictures,24-Jun-10,162001186,109456115,271457301,Comedy,PG-13
Jerry Maguire,Sony Pictures,13-Dec-96,153952592,119600000,273552592,Comedy|Drama|Romance|Sport,R
American Hustle,Sony Pictures,12-Dec-13,150117807,101054000,251171807,Crime|Drama,R
As Good as It Gets,Sony Pictures,23-Dec-97,148478011,165700000,314178011,Comedy|Drama|Romance,PG-13
Hotel Transylvania,Sony Pictures,20-Sep-12,148313048,210062555,358375603,Animation|Comedy|Family|Fantasy,PG
Talladega Nights: The Ballad of Ricky Bobby,Sony Pictures,4-Aug-06,148213377,15148718,163362095,Action|Comedy|Sport,PG-13
Paul Blart: Mall Cop,Sony Pictures,16-Jan-09,146336178,37012251,183348429,Action|Comedy|Crime,PG
The Smurfs,Sony Pictures,27-Jul-11,142614158,421135165,563749323,Adventure|Animation|Comedy|Family|Fantasy,PG
Stuart Little,Sony Pictures,17-Dec-99,140035367,160100000,300135367,Adventure|Comedy|Family|Fantasy,PG
Bad Boys II,Sony Pictures,18-Jul-03,138608444,134731112,273339556,Action|Comedy|Crime|Thriller,R
21 Jump Street,Sony Pictures,15-Mar-12,138447667,63137661,201585328,Action|Comedy|Crime,R
Grown Ups 2,Sony Pictures,11-Jul-13,133668525,113315753,246984278,Comedy,PG-13
Angels & Demons,Sony Pictures,13-May-09,133375846,352554970,485930816,Mystery|Thriller,PG-13
Ghostbusters,Sony Pictures,11-Jul-16,128350574,100796935,229147509,Action|Comedy|Fantasy|Sci-Fi,PG-13
My Best Friend's Wedding,Sony Pictures,20-Jun-97,127120029,172168576,299288605,Comedy|Romance,PG-13
Mr. Deeds,Sony Pictures,28-Jun-02,126293452,44976083,171269535,Comedy|Romance,PG-13
Charlie's Angels,Sony Pictures,3-Nov-00,125305545,138800000,264105545,Action|Adventure|Comedy|Crime|Thriller,PG-13
Cloudy with a Chance of Meatballs,Sony Pictures,16-Sep-09,124870275,118135851,243006126,Animation|Comedy|Family|Sci-Fi,PG
Something's Gotta Give,Sony Pictures,12-Dec-03,124728738,140600000,265328738,Comedy|Drama|Romance,PG-13
Superbad,Sony Pictures,17-Aug-07,121463226,49349300,170812526,Comedy,R
50 First Dates,Sony Pictures,13-Feb-04,120908074,77612860,198520934,Comedy|Romance,PG-13
Cloudy with a Chance of Meatballs 2,Sony Pictures,26-Sep-13,119793567,154532382,274325949,Animation|Comedy|Family|Fantasy|Sci-Fi,PG
Total Recall,Sony Pictures,1-Jun-90,119412921,141905000,261317921,Action|Sci-Fi,NA
The Other Guys,Sony Pictures,6-Aug-10,119219978,51238944,170458922,Action|Comedy|Crime,PG-13
Salt,Sony Pictures,21-Jul-10,118311368,175191986,293503354,Action|Crime|Mystery|Thriller,PG-13
S.W.A.T.,Sony Pictures,8-Aug-03,116934650,90790989,207725639,Action|Adventure|Crime|Thriller,PG-13
Ghost Rider,Sony Pictures,14-Feb-07,115802596,112935797,228738393,Action|Fantasy|Thriller,PG-13
The Patriot,Sony Pictures,28-Jun-00,113330342,101964000,215294342,Action|Drama|History|War,R
The Grudge,Sony Pictures,22-Oct-04,110359362,76921753,187281115,Horror|Mystery|Thriller,PG-13
Fun with Dick and Jane,Sony Pictures,21-Dec-05,110332737,94349162,204681899,Comedy|Crime,PG-13
Little Women,Sony Pictures,25-Dec-19,108101214,108500000,216601214,Drama|Family|Romance,PG
A League of Their Own,Sony Pictures,1-Jul-92,107533928,24906141,132440069,Comedy|Drama|Sport,PG
Captain Phillips,Sony Pictures,11-Oct-13,107100855,111690956,218791811,Biography|Drama|Thriller,PG-13
Just Go with It,Sony Pictures,9-Feb-11,103028109,111917482,214945591,Comedy|Romance,PG-13
The Girl with the Dragon Tattoo,Sony Pictures,21-Dec-11,102515793,130101637,232617430,Crime|Drama|Mystery|Thriller,R
The Equalizer,Sony Pictures,24-Sep-14,101530738,90800000,192330738,Action|Crime|Thriller,R
This Is the End,Sony Pictures,12-Jun-13,101470202,24571120,126041322,Comedy|Fantasy,R
Charlie's Angels: Full Throttle,Sony Pictures,26-Jun-03,100830111,158345677,259175788,Action|Adventure|Comedy|Crime,PG-13
Step Brothers,Sony Pictures,25-Jul-08,100468793,27639418,128108211,Comedy,R
Bad Teacher,Sony Pictures,17-Jun-11,100292856,115904636,216197492,Comedy,R
You Don't Mess with the Zohan,Sony Pictures,5-Jun-08,100018837,104294563,204313400,Action|Comedy,PG-13
The Green Hornet,Sony Pictures,12-Jan-11,98780042,129037206,227817248,Action|Comedy|Crime|Sci-Fi|Thriller,PG-13
The Social Network,Sony Pictures,1-Oct-10,96962694,127957681,224920375,Biography|Drama,PG-13
Panic Room,Sony Pictures,29-Mar-02,96397334,100682212,197079546,Crime|Drama|Thriller,R
Zero Dark Thirty,Sony Pictures,19-Dec-12,95720716,37100000,132820716,Drama|History|Thriller,R
Julie & Julia,Sony Pictures,6-Aug-09,94125426,35415096,129540522,Biography|Drama|Romance,PG-13
The Mask of Zorro,Sony Pictures,17-Jul-98,94095523,156193000,250288523,Action|Adventure|Comedy|Romance|Thriller|Western,PG-13
Stepmom,Sony Pictures,25-Dec-98,91137662,68573131,159710793,Comedy|Drama,PG-13
The Ugly Truth,Sony Pictures,26-Feb-09,88915214,232767386,321682600,Comedy|Romance,R
Pineapple Express,Sony Pictures,6-Aug-08,87341380,14283463,101624843,Action|Comedy|Crime,R
Annie,Sony Pictures,17-Dec-14,85911262,50942244,136853506,Comedy|Drama|Family|Musical,PG
Fury,Sony Pictures,17-Oct-14,85817906,126004791,211822697,Action|Drama|War,R
Open Season,Sony Pictures,29-Sep-06,85105259,115706430,200811689,Adventure|Animation|Comedy|Family,PG
The Pink Panther,Sony Pictures,9-Feb-06,82226474,81889423,164115897,Adventure|Comedy|Crime|Family|Mystery,PG
Eat Pray Love,Sony Pictures,13-Aug-10,80574010,124020006,204594016,Drama|Romance,PG-13
Zookeeper,Sony Pictures,6-Jul-11,80360843,89491916,169852759,Comedy|Family|Romance,PG
The Twilight Saga: Eclipse,Summit Entertainment,30-Jun-10,300531751,397959596,698491347,Adventure|Drama|Fantasy|Romance,PG-13
The Twilight Saga: New Moon,Summit Entertainment,18-Nov-09,297816253,413209228,711025481,Adventure|Drama|Fantasy|Romance,PG-13
Twilight,Summit Entertainment,20-Nov-08,193962473,214467942,408430415,Drama|Fantasy|Romance,PG-13
RED,Summit Entertainment,14-Oct-10,90380162,108626225,199006387,Action|Comedy|Crime|Thriller,PG-13
Django Unchained,The Weinstein Company,25-Dec-12,162805434,263268939,426074373,Drama|Western,R
The King's Speech,The Weinstein Company,26-Nov-10,138797449,288576868,427374317,Biography|Drama|History|Romance,R
Silver Linings Playbook,The Weinstein Company,16-Nov-12,132092958,104319495,236412453,Comedy|Drama|Romance,R
Inglourious Basterds,The Weinstein Company,19-Aug-09,120540719,200917028,321457747,Adventure|Drama|War,R
The Imitation Game,The Weinstein Company,NA,91125683,142430025,233555708,Biography|Drama|Thriller|War,NA
Terminator 2: Judgment Day,TriStar Pictures,3-Jul-91,205881154,312106698,520881154,Action|Sci-Fi,R
Hook,TriStar Pictures,11-Dec-91,119654823,181200000,300854823,Adventure|Comedy|Family|Fantasy,NA
District 9,TriStar Pictures,13-Aug-09,115646235,95242715,210888950,Action|Sci-Fi|Thriller,R
Elysium,TriStar Pictures,8-Aug-13,93050117,193090583,286140700,Action|Drama|Sci-Fi|Thriller,R
Heaven Is for Real,TriStar Pictures,16-Apr-14,91443253,10539459,101982712,Biography|Drama,PG
Cliffhanger,TriStar Pictures,28-May-93,84049211,170951000,255000211,Action|Adventure|Thriller,R
Avatar,20th Century Fox,16-Dec-09,760507625,2086738578,2847246203,Action|Adventure|Fantasy|Sci-Fi,PG-13
Star Wars: Episode I - The Phantom Menace,20th Century Fox,19-May-99,474544677,552538030,1027082707,Action|Adventure|Fantasy|Sci-Fi,PG
Star Wars: Episode III - Revenge of the Sith,20th Century Fox,18-May-05,380270577,488119983,868390560,Action|Adventure|Fantasy|Sci-Fi,PG-13
Star Wars: Episode II - Attack of the Clones,20th Century Fox,16-May-02,310676740,343103230,653779970,Action|Adventure|Fantasy|Sci-Fi,PG
Independence Day,20th Century Fox,3-Jul-96,306169268,511231623,817400891,Action|Adventure|Sci-Fi,PG-13
Home Alone,20th Century Fox,16-Nov-90,285761243,190923432,476684675,Comedy|Family,NA
Night at the Museum,20th Century Fox,NA,250863268,323617961,574481229,Action|Adventure|Comedy|Family|Fantasy,NA
X-Men: The Last Stand,20th Century Fox,24-May-06,234362462,226072829,460435291,Action|Adventure|Fantasy|Sci-Fi|Thriller,PG-13
X-Men: Days of Future Past,20th Century Fox,21-May-14,233921534,512124166,746045700,Action|Adventure|Fantasy|Sci-Fi|Thriller,PG-13
Cast Away,20th Century Fox,22-Dec-00,233632142,196000000,429632142,Adventure|Drama|Romance,PG-13
The Martian,20th Century Fox,30-Sep-15,228433663,401728785,630162448,Adventure|Drama|Sci-Fi,PG-13
Alvin and the Chipmunks: The Squeakquel,20th Century Fox,21-Dec-09,219614612,223525393,443140005,Animation|Comedy|Family|Fantasy|Music,PG
Mrs. Doubtfire,20th Century Fox,24-Nov-93,219195243,222090952,441286195,Comedy|Drama|Family|Romance,PG-13
Alvin and the Chipmunks,20th Century Fox,12-Dec-07,217326974,148025572,365352546,Animation|Comedy|Family|Fantasy|Music,PG
Dawn of the Planet of the Apes,20th Century Fox,9-Jul-14,208545589,502098977,710644566,Action|Adventure|Drama|Sci-Fi,PG-13
Ice Age: Dawn of the Dinosaurs,20th Century Fox,29-Jun-09,196573705,690113112,886686817,Action|Adventure|Animation|Comedy|Family,PG
Ice Age: The Meltdown,20th Century Fox,29-Mar-06,195330621,471763885,667094506,Action|Adventure|Animation|Comedy|Family|Fantasy,PG
The Croods,20th Century Fox,15-Mar-13,187168425,400067558,587235983,Adventure|Animation|Comedy|Family|Fantasy,PG
The Day After Tomorrow,20th Century Fox,26-May-04,186740799,365898772,552639571,Action|Adventure|Sci-Fi|Thriller,PG-13
Mr. & Mrs. Smith,20th Century Fox,8-Jun-05,186336279,300951367,487287646,Action|Comedy|Crime|Romance|Thriller,PG-13
The Revenant,20th Century Fox,25-Dec-15,183637894,349312609,532950503,Adventure|Drama|Thriller|Western,R
The Simpsons Movie,20th Century Fox,25-Jul-07,183135014,353279279,536414293,Adventure|Animation|Comedy,PG-13
Planet of the Apes,20th Century Fox,27-Jul-01,180011740,182200000,362211740,Action|Adventure|Sci-Fi|Thriller,PG-13
X-Men Origins: Wolverine,20th Century Fox,29-Apr-09,179883157,193179707,373062864,Action|Adventure|Fantasy|Sci-Fi|Thriller,PG-13
Home,20th Century Fox,19-Mar-15,177397510,208644097,386041607,Adventure|Animation|Comedy|Family|Fantasy|Sci-Fi,PG
Night at the Museum: Battle of the Smithsonian,20th Century Fox,20-May-09,177243721,235862449,413106170,Adventure|Comedy|Family|Fantasy,PG
How to Train Your Dragon 2,20th Century Fox,5-Jun-14,177002924,444534595,621537519,Action|Adventure|Animation|Comedy|Family|Fantasy,PG
Rise of the Planet of the Apes,20th Century Fox,3-Aug-11,176760185,305040688,481800873,Action|Drama|Sci-Fi|Thriller,PG-13
There's Something About Mary,20th Century Fox,15-Jul-98,176484651,193400000,369884651,Comedy|Romance,R
Ice Age,20th Century Fox,14-Mar-02,176387405,206869731,383257136,Adventure|Animation|Comedy|Family,PG
Home Alone 2: Lost in New York,20th Century Fox,NA,173585516,185409334,358994850,Adventure|Comedy|Family,NA
Gone Girl,20th Century Fox,2-Oct-14,167767189,201563174,369330363,Crime|Drama|Mystery|Thriller,R
Ice Age: Continental Drift,20th Century Fox,27-Jun-12,161321843,715922939,877244782,Adventure|Animation|Comedy|Family,PG
The Heat,20th Century Fox,22-Feb-96,159582188,70348583,229930771,Action|Comedy|Crime,R
X-Men,20th Century Fox,13-Jul-00,157299718,139039810,296339528,Action|Adventure|Sci-Fi,PG-13
Fantastic Four,20th Century Fox,6-Jul-05,154696080,178839854,333535934,Action|Adventure|Sci-Fi,PG-13
X-Men: First Class,20th Century Fox,1-Jun-11,146408305,206208385,352616690,Action|Adventure|Sci-Fi,PG-13
True Lies,20th Century Fox,15-Jul-94,146282411,232600000,378882411,Action|Comedy|Thriller,R
Taken,20th Century Fox,27-Feb-08,145000989,81836771,226837760,Action|Thriller,PG-13
"I, Robot",20th Century Fox,15-Jul-04,144801023,208332875,353133898,Action|Mystery|Sci-Fi|Thriller,PG-13
Doctor Dolittle,20th Century Fox,NA,144156605,150300000,294456605,Comedy|Family|Fantasy,NA
Rio,20th Century Fox,4-Apr-11,143619809,340246709,483866518,Adventure|Animation|Comedy|Family|Musical,PG
Marley & Me,20th Century Fox,NA,143153751,112589342,255743093,Comedy|Drama|Family,NA
Taken 2,20th Century Fox,27-Sep-12,139854287,236298168,376152455,Action|Crime|Thriller,PG-13
Cheaper by the Dozen,20th Century Fox,25-Dec-03,138614544,51924086,190538630,Comedy|Family,PG
Live Free or Die Hard,20th Century Fox,26-Jun-07,134529403,253626608,388156011,Action|Adventure|Thriller,PG-13
Alvin and the Chipmunks: Chipwrecked,20th Century Fox,14-Dec-11,133110742,209584693,342695435,Adventure|Animation|Comedy|Family|Fantasy|Music,G
The Wolverine,20th Century Fox,24-Jul-13,132556852,282271394,414828246,Action|Adventure|Sci-Fi|Thriller,PG-13
Minority Report,20th Century Fox,20-Jun-02,132072926,226300000,358372926,Action|Mystery|Sci-Fi|Thriller,PG-13
Rio 2,20th Century Fox,20-Mar-14,131538435,367242682,498781117,Adventure|Animation|Comedy|Family|Musical,G
The Peanuts Movie,20th Century Fox,29-Oct-15,130178411,116054702,246233113,Adventure|Animation|Comedy|Family,G
Borat: Cultural Learnings of America for Make Benefit Glorious Nation of Kazakhstan,20th Century Fox,23-Feb-06,128505958,134046935,262552893,Comedy,R
Robots,20th Century Fox,10-Mar-05,128200012,134311478,262511490,Adventure|Animation|Comedy|Family|Sci-Fi,PG
Prometheus,20th Century Fox,30-May-12,126477084,276877385,403354469,Adventure|Mystery|Sci-Fi,R
Life of Pi,20th Century Fox,21-Nov-12,124987023,484029542,609016565,Adventure|Drama|Fantasy,PG
The Fault in Our Stars,20th Century Fox,4-Jun-14,124872350,182294484,307166834,Drama|Romance,PG-13
The Devil Wears Prada,20th Century Fox,30-Jun-06,124740460,201965655,326706115,Comedy|Drama|Romance,PG-13
Speed,20th Century Fox,10-Jun-94,121248145,229200000,350448145,Action|Adventure|Crime|Thriller,R
Walk the Line,20th Century Fox,2-Feb-05,119519402,67278584,186797986,Biography|Drama|Music|Romance,PG-13
Big Momma's House,20th Century Fox,2-Jun-00,117559438,56400000,173959438,Action|Comedy|Crime,PG-13
Die Hard 2,20th Century Fox,6-Jul-90,117540947,122490327,240031274,Action|Thriller,NA
Dodgeball: A True Underdog Story,20th Century Fox,18-Jun-04,114326736,54096491,168423227,Comedy|Sport,PG-13
Night at the Museum: Secret of the Tomb,20th Century Fox,17-Dec-14,113746621,249458014,363204635,Adventure|Comedy|Family|Fantasy,PG
Dr. Dolittle 2,20th Century Fox,22-Jun-01,112952899,63151445,176104344,Comedy|Family|Fantasy,PG
Mr. Peabody & Sherman,20th Century Fox,7-Feb-14,111506430,164191609,275698039,Adventure|Animation|Comedy|Family|Sci-Fi,PG
Epic,20th Century Fox,16-May-13,107518682,160907952,268426634,Adventure|Animation|Family|Fantasy,PG
The Chronicles of Narnia: The Voyage of the Dawn Treader,20th Century Fox,2-Dec-10,104386950,311299267,415686217,Adventure|Family|Fantasy,PG
The Maze Runner,20th Century Fox,11-Sep-14,102427862,245891999,348319861,Action|Mystery|Sci-Fi|Thriller,PG-13
Date Night,20th Century Fox,8-Apr-10,98711404,53552476,152263880,Comedy|Crime|Romance|Thriller,PG-13
Master and Commander: The Far Side of the World,20th Century Fox,14-Nov-03,93927920,117694615,211622535,Action|Adventure|Drama|History|War,PG-13
"Me, Myself & Irene",20th Century Fox,23-Jun-00,90570999,58700000,149270999,Comedy,R
Taken 3,20th Century Fox,1-Jan-15,89256424,237222717,326479141,Action|Thriller,PG-13
Percy Jackson & the Olympians: The Lightning Thief,20th Century Fox,10-Feb-10,88768303,137728906,226497209,Adventure|Family|Fantasy,PG
Entrapment,20th Century Fox,30-Apr-99,87704396,124700000,212404396,Action|Crime|Romance|Thriller,PG-13
Alvin and the Chipmunks: The Road Chip,20th Century Fox,NA,85886987,148911649,234798636,Adventure|Animation|Comedy|Family|Fantasy|Music,NA
Aliens,20th Century Fox,NA,85160248,45900000,131060248,Action|Adventure|Sci-Fi,NA
The Other Woman,20th Century Fox,17-Apr-14,83911193,112799203,196710396,Comedy|Romance,PG-13
The X Files,20th Century Fox,NA,83898313,105278110,189176423,Drama|Mystery|Sci-Fi|Thriller,NA
Penguins of Madagascar,20th Century Fox,14-Nov-14,83850911,289664710,373515621,Adventure|Animation|Comedy|Family,PG
Die Hard,20th Century Fox,15-Jul-88,83844093,57759104,141603197,Action|Thriller,NA
Turbo,20th Century Fox,10-Jul-13,83028128,199542554,282570682,Adventure|Animation|Comedy|Family|Sport,PG
Cheaper by the Dozen 2,20th Century Fox,NA,82571173,47583395,130154568,Adventure|Comedy|Family,NA
Let's Be Cops,20th Century Fox,13-Aug-14,82390774,55834177,138224951,Comedy,R
Alien,20th Century Fox,25-May-79,81900459,24385063,106285522,Horror|Sci-Fi,R
Unstoppable,20th Century Fox,10-Nov-10,81562942,86242524,167805466,Action|Thriller,PG-13
Valkyrie,United Artists,25-Dec-08,83077833,118467684,201545517,Drama|History|Thriller|War,PG-13
The Addams Family,United Artists Releasing,11-Oct-19,100723831,103060014,203783845,Comedy|Fantasy,PG
Jurassic World,Universal Pictures,10-Jun-15,652385625,1018130819,1670516444,Action|Adventure|Sci-Fi|Thriller,PG-13
E.T. the Extra-Terrestrial,Universal Pictures,11-Jun-82,435110554,304203888,792910554,Family|Sci-Fi,PG
Jurassic Park,Universal Pictures,11-Jun-93,404214720,629713583,1033928303,Adventure|Sci-Fi|Thriller,PG-13
Despicable Me 2,Universal Pictures,20-Jun-13,368065385,602700620,970766005,Animation|Comedy|Family|Sci-Fi,PG
Furious 7,Universal Pictures,1-Apr-15,353007020,1162334379,1515341399,Action|Crime|Thriller,PG-13
Minions,Universal Pictures,9-Apr-15,336045770,823398892,1159444662,Action|Animation|Comedy|Family|Sci-Fi,PG
Meet the Fockers,Universal Pictures,22-Dec-04,279261160,243396776,522657936,Comedy|Romance,PG-13
Jaws,Universal Pictures,20-Jun-75,260758300,210653000,471411300,Adventure|Drama|Thriller,NA
How the Grinch Stole Christmas,Universal Pictures,17-Nov-00,260465005,85108027,345573032,Comedy|Family|Fantasy,PG
Despicable Me,Universal Pictures,8-Jul-10,251513985,291600000,543113985,Animation|Comedy|Family,PG
Bruce Almighty,Universal Pictures,23-May-03,242829261,241763613,484592874,Comedy|Drama,PG-13
The Lost World: Jurassic Park,Universal Pictures,23-May-97,229086679,389552320,618638999,Action|Adventure|Sci-Fi,PG-13
The Bourne Ultimatum,Universal Pictures,3-Aug-07,227471070,216628965,444100035,Action|Mystery|Thriller,PG-13
Ted,Universal Pictures,29-Jun-12,218815487,330552828,549368315,Comedy|Fantasy,R
King Kong,Universal Pictures,14-Dec-05,218080025,338826353,556906378,Action|Adventure|Drama|Romance,PG-13
Back to the Future,Universal Pictures,3-Jul-85,211406762,170500000,381906762,Adventure|Comedy|Sci-Fi,NA
Fast Five,Universal Pictures,20-Apr-11,209837675,416300000,626137675,Action|Crime|Thriller,PG-13
The Mummy Returns,Universal Pictures,4-May-01,202019785,241261119,443280904,Action|Adventure|Fantasy|Thriller,PG-13
Pitch Perfect 2,Universal Pictures,7-May-15,184296230,102847849,287144079,Comedy|Music,PG-13
Liar Liar,Universal Pictures,NA,181410615,121300000,302710615,Comedy|Fantasy|Romance,NA
Jurassic Park III,Universal Pictures,5-Jul-01,181171875,187608934,368780809,Action|Adventure|Sci-Fi|Thriller,PG-13
The Bourne Supremacy,Universal Pictures,23-Jul-04,176241941,114593328,290835269,Action|Mystery|Thriller,PG-13
Apollo 13,Universal Pictures,NA,173837933,181077570,355237933,Adventure|Drama|History,NA
A Beautiful Mind,Universal Pictures,21-Dec-01,170742341,146048916,316791257,Biography|Drama,PG-13
Bridesmaids,Universal Pictures,12-May-11,169106725,119276798,288383523,Comedy|Romance,R
Meet the Parents,Universal Pictures,6-Oct-00,166244045,164200000,330444045,Comedy,PG-13
Fifty Shades of Grey,Universal Pictures,11-Feb-15,166167230,403484237,569651467,Drama|Romance,R
Straight Outta Compton,Universal Pictures,14-Aug-15,161197785,40437206,201634991,Biography|Crime|Drama|History|Music,R
Halloween,Universal Pictures,17-Oct-18,159342015,96272926,255614941,Horror|Thriller,R
Snow White and the Huntsman,Universal Pictures,30-May-12,155332381,241260448,396592829,Action|Adventure|Drama|Fantasy,PG-13
Neighbors,Universal Pictures,8-May-14,150157400,120507734,270665134,Comedy,R
Les Misérables,Universal Pictures,19-Dec-12,148809770,293489539,442299309,Drama|Musical|Romance,PG-13
Knocked Up,Universal Pictures,1-Jun-07,148768917,71153500,219922417,Comedy|Romance,R
Little Fockers,Universal Pictures,22-Dec-10,148438600,162211985,310650585,Comedy|Romance,PG-13
American Pie 2,Universal Pictures,10-Aug-01,145103595,142450000,287553595,Comedy,R
The Fast and the Furious,Universal Pictures,22-Jun-01,144533925,62771584,207305509,Action|Crime|Thriller,PG-13
Mamma Mia!,Universal Pictures,27-Jun-08,144169664,467088155,611257819,Comedy|Family|Musical|Romance,PG-13
Patch Adams,Universal Pictures,25-Dec-98,135026902,67266000,202292902,Biography|Comedy|Drama|Romance,PG-13
Ride Along,Universal Pictures,17-Jan-14,134938200,19530702,154468902,Action|Comedy|Crime|Romance,PG-13
The Incredible Hulk,Universal Pictures,11-Jun-08,134806913,129964083,264770996,Action|Adventure|Sci-Fi,PG-13
Wanted,Universal Pictures,26-Jun-08,134508551,207954512,342463063,Action|Crime|Fantasy|Thriller,R
Identity Thief,Universal Pictures,7-Feb-13,134506920,39458090,173965010,Comedy|Crime,R
Hulk,Universal Pictures,19-Jun-03,132177234,113107931,245285165,Action|Sci-Fi,PG-13
The Flintstones,Universal Pictures,27-May-94,130531208,211100000,341631208,Comedy|Family|Fantasy,PG
American Gangster,Universal Pictures,2-Nov-07,130164645,139590785,269755430,Biography|Crime|Drama,R
The Nutty Professor,Universal Pictures,28-Jun-96,128814019,145147000,273961019,Comedy|Romance|Sci-Fi,PG-13
2 Fast 2 Furious,Universal Pictures,5-Jun-03,127154901,109195760,236350661,Action|Crime|Thriller,PG-13
Lucy,Universal Pictures,25-Jul-14,126663600,332200000,458863600,Action|Sci-Fi|Thriller,R
Safe House,Universal Pictures,8-Feb-12,126373434,81702771,208076205,Action|Crime|Mystery|Thriller,R
Erin Brockovich,Universal Pictures,17-Mar-00,125595205,130676081,256271286,Biography|Drama,R
Lone Survivor,Universal Pictures,25-Dec-13,125095601,29707311,154802912,Action|Biography|Drama|Thriller|War,R
Nutty Professor II: The Klumps,Universal Pictures,28-Jul-00,123309890,43030000,166339890,Comedy|Romance|Sci-Fi,PG-13
The Bourne Identity,Universal Pictures,14-Jun-02,121661683,92372541,214034224,Action|Mystery|Thriller,PG-13
Seabiscuit,Universal Pictures,25-Jul-03,120277854,28058591,148336445,Drama|History|Sport,PG-13
Back to the Future Part II,Universal Pictures,22-Nov-89,119000002,213500000,332500002,Adventure|Comedy|Sci-Fi,NA
The Break-Up,Universal Pictures,2-Jun-06,118703275,86964935,205668210,Comedy|Drama|Romance,PG-13
8 Mile,Universal Pictures,8-Nov-02,116750901,126124177,242875078,Drama|Music,R
Notting Hill,Universal Pictures,28-May-99,116089678,247800000,363889678,Comedy|Drama|Romance,PG-13
Unbroken,Universal Pictures,25-Dec-14,115637895,45821402,161459297,Biography|Drama|Sport|War,PG-13
The Bourne Legacy,Universal Pictures,8-Aug-12,113203870,162940880,276144750,Action|Adventure|Thriller,PG-13
It's Complicated,Universal Pictures,23-Dec-09,112735375,106368280,219103655,Comedy|Drama|Romance,R
Twins,Universal Pictures,9-Dec-88,111938388,104676000,216614388,Comedy|Crime,NA
Trainwreck,Universal Pictures,17-Jul-15,110212700,30583093,140795793,Comedy|Romance,R
Couples Retreat,Universal Pictures,8-Oct-09,109204945,62639895,171844840,Comedy,PG-13
Hop,Universal Pictures,30-Mar-11,108085305,75868840,183954145,Adventure|Animation|Comedy|Family|Fantasy,PG
Robin Hood,Universal Pictures,12-May-10,105269730,216400011,321669741,Action|Adventure|Drama|History,PG-13
American Wedding,Universal Pictures,1-Aug-03,104565114,128157821,232722935,Comedy|Romance,R
American Pie,Universal Pictures,9-Jul-99,102561004,132922000,235483004,Comedy,R
The Mummy: Tomb of the Dragon Emperor,Universal Pictures,30-Jul-08,102491776,300958054,403449830,Action|Adventure|Fantasy|Horror|Thriller,PG-13
The Cat in the Hat,Universal Pictures,21-Nov-03,101149285,32811256,133960541,Adventure|Comedy|Family|Fantasy,PG
Evan Almighty,Universal Pictures,21-Jun-07,100462298,73978426,174440724,Comedy|Family|Fantasy,PG
Casper,Universal Pictures,NA,100328194,187600000,287928194,Comedy|Family|Fantasy,NA
Public Enemies,Universal Pictures,24-Jun-09,97104620,117000000,214104620,Biography|Crime|Drama|History|Romance,R
Schindler's List,Universal Pictures,15-Dec-93,96898818,225262427,322161245,Biography|Drama|History,R
Red Dragon,Universal Pictures,4-Oct-02,93149898,116046400,209196298,Crime|Drama|Thriller,R
Non-Stop,Universal Pictures,19-Feb-14,92168600,130641000,222809600,Action|Mystery|Thriller,PG-13
Kindergarten Cop,Universal Pictures,22-Dec-90,91457688,110500000,201957688,Action|Comedy|Crime,NA
The Scorpion King,Universal Pictures,18-Apr-02,91047077,89583830,180630907,Action|Adventure|Fantasy|Thriller,PG-13
Oblivion,Universal Pictures,10-Apr-13,89107235,197061337,286168572,Action|Adventure|Mystery|Sci-Fi,PG-13
Inside Man,Universal Pictures,23-Mar-06,88513495,97490096,186003591,Crime|Drama|Mystery|Thriller,R
Back to the Future Part III,Universal Pictures,25-May-90,88277583,156800000,245077583,Adventure|Comedy|Sci-Fi|Western,NA
Waterworld,Universal Pictures,28-Jul-95,88246220,175972000,264218220,Action|Adventure|Sci-Fi|Thriller,PG-13
Along Came Polly,Universal Pictures,16-Jan-04,88097164,90214565,178311729,Comedy|Romance,PG-13
Dumb and Dumber To,Universal Pictures,12-Nov-14,86208010,83629000,169837010,Comedy,PG-13
Ted 2,Universal Pictures,19-Jun-15,81476385,134387221,215863606,Comedy,R
Traffic,USA Films,NA,124115725,83400000,207515725,Crime|Drama|Thriller,NA
The Avengers,Walt Disney,25-Apr-12,623357910,895457605,1518815515,Action|Adventure|Sci-Fi,PG-13
The Lion King,Walt Disney,11-Jul-19,543638043,1119261396,1662899439,Adventure|Animation|Drama|Family|Musical,PG
Avengers: Age of Ultron,Walt Disney,22-Apr-15,459005868,943803672,1402809540,Action|Adventure|Sci-Fi,PG-13
Pirates of the Caribbean: Dead Man's Chest,Walt Disney,6-Jul-06,423315812,642863935,1066179747,Action|Adventure|Fantasy,PG-13
The Lion King,Walt Disney,15-Jun-94,422783777,640828028,1063611805,Adventure|Animation|Drama|Family|Musical,G
Toy Story 3,Walt Disney,16-Jun-10,415004880,651965931,1066970811,Adventure|Animation|Comedy|Family|Fantasy,NA
Iron Man 3,Walt Disney,24-Apr-13,409013994,805797258,1214811252,Action|Adventure|Sci-Fi,PG-13
Frozen,Walt Disney,22-Nov-13,400953009,880555091,1281508100,Adventure|Animation|Comedy|Family|Fantasy|Musical,PG
Finding Nemo,Walt Disney,30-May-03,380843261,559509384,940352645,Adventure|Animation|Comedy|Family,NA
The Jungle Book,Walt Disney,7-Apr-16,364001123,602553806,966554929,Adventure|Drama|Family|Fantasy,PG
Inside Out,Walt Disney,10-Jun-15,356921711,501926308,858848019,Adventure|Animation|Comedy|Drama|Family|Fantasy,PG
Aladdin,Walt Disney,22-May-19,355559216,695134737,1050693953,Adventure|Animation|Comedy|Family|Fantasy|Musical|Romance,PG
Alice in Wonderland,Walt Disney,3-Mar-10,334191110,691277106,1025468216,Adventure|Family|Fantasy,PG
Guardians of the Galaxy,Walt Disney,30-Jul-14,333718600,439631547,773350147,Action|Adventure|Sci-Fi,PG-13
Pirates of the Caribbean: At World's End,Walt Disney,22-May-07,309420425,651576067,960996492,Action|Adventure|Fantasy,PG-13
Pirates of the Caribbean: The Curse of the Black Pearl,Walt Disney,9-Jul-03,305413918,348850097,654264015,Action|Adventure|Fantasy,PG-13
The Sixth Sense,Walt Disney,6-Aug-99,293506292,379300140,672806432,Drama|Mystery|Thriller,PG-13
Up,Walt Disney,28-May-09,293004164,442094938,735099102,Adventure|Animation|Comedy|Family,PG
"The Chronicles of Narnia: The Lion, the Witch and the Wardrobe",Walt Disney,7-Dec-05,291710957,453302158,745013115,Adventure|Family|Fantasy,PG
"Monsters, Inc.",Walt Disney,2-Nov-01,290642256,289065482,579707738,Adventure|Animation|Comedy|Family|Fantasy,G
Monsters University,Walt Disney,NA,268492764,475066881,743559645,Adventure|Animation|Comedy|Family|Fantasy,NA
The Incredibles,Walt Disney,5-Nov-04,261441092,370165961,631607053,Action|Adventure|Animation|Family,NA
Captain America: The Winter Soldier,Walt Disney,26-Mar-14,259766572,454654931,714421503,Action|Adventure|Sci-Fi,PG-13
Toy Story 2,Walt Disney,19-Nov-99,245852179,251523202,497375381,Adventure|Animation|Comedy|Family|Fantasy,NA
Cars,Walt Disney,8-Jun-06,244082982,217908885,461991867,Adventure|Animation|Comedy|Family|Sport,NA
Maleficent,Walt Disney,28-May-14,241410378,517001401,758411779,Action|Adventure|Family|Fantasy|Romance,PG
Pirates of the Caribbean: On Stranger Tides,Walt Disney,18-May-11,241071802,804642000,1045713802,Action|Adventure|Fantasy,PG-13
Brave,Walt Disney,21-Jun-12,237283207,301700000,538983207,Adventure|Animation|Comedy|Family|Fantasy,PG
Signs,Walt Disney,2-Aug-02,227966634,180281283,408247917,Drama|Sci-Fi|Thriller,PG-13
WALL·E,Walt Disney,26-Jun-08,223808164,297503726,521311890,Adventure|Animation|Family|Sci-Fi,NA
Big Hero 6,Walt Disney,25-Oct-14,222527828,435341858,657869686,Action|Adventure|Animation|Comedy|Drama|Family|Sci-Fi,PG
Aladdin,Walt Disney,13-Nov-92,217350219,286700000,504050219,Adventure|Animation|Comedy|Family|Fantasy|Musical|Romance,NA
Ratatouille,Walt Disney,28-Jun-07,206445654,417280431,623726085,Animation|Comedy|Family|Fantasy,G
Thor: The Dark World,Walt Disney,30-Oct-13,206362140,438421000,644783140,Action|Adventure|Fantasy,PG-13
Armageddon,Walt Disney,1-Jul-98,201578182,352131606,553709788,Action|Adventure|Sci-Fi|Thriller,PG-13
Cinderella,Walt Disney,11-Mar-15,201151353,341206978,542358331,Drama|Family|Fantasy|Romance,PG
Tangled,Walt Disney,24-Nov-10,200821936,391640880,592462816,Adventure|Animation|Comedy|Family|Fantasy|Musical|Romance,PG
Pearl Harbor,Walt Disney,25-May-01,198542554,250678391,449220945,Action|Drama|History|Romance|War,PG-13
Cars 2,Walt Disney,22-Jun-11,191452396,368400000,559852396,Adventure|Animation|Comedy|Family|Sport,G
Wreck-It Ralph,Walt Disney,1-Nov-12,189422889,281800000,471222889,Adventure|Animation|Comedy|Family|Sci-Fi,PG
Lincoln,Walt Disney,9-Nov-12,182207973,93085477,275293450,Biography|Drama|History|War,PG-13
Ant-Man,Walt Disney,10-Jul-15,180202163,339109802,519311965,Action|Adventure|Comedy|Sci-Fi,PG-13
Pretty Woman,Walt Disney,23-Mar-90,178406268,285000000,463406268,Comedy|Romance,R
National Treasure,Walt Disney,19-Nov-04,173008894,174503424,347512318,Action|Adventure|Comedy|Family|Mystery,PG
TRON: Legacy,Walt Disney,16-Dec-10,172062763,228001089,400063852,Action|Adventure|Sci-Fi,PG
The Help,Walt Disney,10-Aug-11,169708112,46931000,216639112,Drama,PG-13
Wild Hogs,Walt Disney,NA,168273550,85351877,253625427,Action|Adventure|Comedy,NA
The Proposal,Walt Disney,17-Jun-09,163958031,153417000,317375031,Comedy|Drama|Romance,PG-13
A Bug's Life,Walt Disney,20-Nov-98,162798565,200460294,363258859,Adventure|Animation|Comedy|Family|Fantasy,NA
The Waterboy,Walt Disney,6-Nov-98,161491646,24500000,185991646,Comedy|Sport,PG-13
Lilo & Stitch,Walt Disney,21-Jun-02,145794338,127349813,273144151,Adventure|Animation|Comedy|Drama|Family|Fantasy|Sci-Fi,PG
The Santa Clause,Walt Disney,11-Nov-94,145539357,45000000,190539357,Comedy|Drama|Family|Fantasy,PG
The Chronicles of Narnia: Prince Caspian,Walt Disney,15-May-08,141621490,278044078,419665568,Action|Adventure|Family|Fantasy,PG
Pocahontas,Walt Disney,NA,141579773,204500000,346079773,Adventure|Animation|Drama|Family|History|Musical|Romance,NA
The Santa Clause 2,Walt Disney,1-Nov-02,139236327,33618738,172855065,Comedy|Family|Fantasy,NA
A Christmas Carol,Walt Disney,9-Sep-09,137855863,187430783,325286646,Animation|Drama|Family|Fantasy,PG
Dinosaur,Walt Disney,19-May-00,137748063,212074702,349822765,Adventure|Animation|Family|Thriller,PG
Ransom,Walt Disney,NA,136492681,173000000,309492681,Crime|Thriller,NA
Chicken Little,Walt Disney,4-Nov-05,135386665,179046172,314432837,Adventure|Animation|Comedy|Family|Sci-Fi,G
The Rock,Walt Disney,7-Jun-96,134069511,200993110,335062621,Action|Adventure|Thriller,R
Bringing Down the House,Walt Disney,7-Mar-03,132716677,32013002,164729679,Comedy,PG-13
Into the Woods,Walt Disney,24-Dec-14,128002372,84900000,212902372,Adventure|Comedy|Drama|Fantasy|Musical,PG
Enchanted,Walt Disney,21-Nov-07,127807262,212680574,340487836,Animation|Comedy|Family|Fantasy|Musical|Romance,PG
Sweet Home Alabama,Walt Disney,27-Sep-02,127223418,53399006,180622424,Comedy|Romance,PG-13
The Good Dinosaur,Walt Disney,NA,123087120,209120551,332207671,Adventure|Animation|Comedy|Family|Fantasy,NA
G-Force,Walt Disney,23-Jul-09,119436770,173381128,292817898,Action|Adventure|Animation|Comedy|Family|Fantasy|Sci-Fi,PG
Remember the Titans,Walt Disney,29-Sep-00,115719751,21051932,136771683,Biography|Drama|Sport,PG
The Village,Walt Disney,13-Aug-03,114197520,142500000,256697520,Drama|Mystery|Romance|Thriller,PG-13
Bolt,Walt Disney,21-Nov-08,114053579,195926415,309979994,Adventure|Animation|Comedy|Drama|Family,PG
The Pacifier,Walt Disney,4-Mar-05,113086868,85550000,198636868,Action|Comedy|Drama|Family|Thriller,PG
Enemy of the State,Walt Disney,20-Nov-98,111549836,139299953,250849789,Action|Crime|Drama|Mystery|Thriller,R
Freaky Friday,Walt Disney,6-Aug-03,110230332,50616000,160846332,Comedy|Family|Fantasy|Music|Romance,PG
Bedtime Stories,Walt Disney,24-Dec-08,110101975,102772889,212874864,Comedy|Family|Fantasy|Romance,PG
The Princess Diaries,Walt Disney,3-Aug-01,108248956,57086197,165335153,Comedy|Family|Romance,G
George of the Jungle,Walt Disney,18-Jul-97,105263257,69200000,174463257,Action|Adventure|Comedy|Family|Romance,PG
Phenomenon,Walt Disney,NA,104636382,47400000,152036382,Drama|Fantasy|Romance|Sci-Fi,NA
The Princess and the Frog,Walt Disney,25-Nov-09,104400899,162644866,267045765,Animation|Family|Fantasy|Musical|Romance,NA
Dick Tracy,Walt Disney,15-Jun-90,103738726,59000000,162738726,Action|Comedy|Crime|Music|Romance|Thriller,NA
Con Air,Walt Disney,6-Jun-97,101117573,122894661,224012234,Action|Crime|Thriller,R
The Hunchback of Notre Dame,Walt Disney,21-Jun-96,100138851,225200000,325338851,Animation|Drama|Family|Musical|Romance,NA
Hercules,Walt Disney,15-Jun-97,99112101,153600000,252712101,Action|Adventure,NA
Inspector Gadget,Walt Disney,23-Jul-99,97403112,37000000,134403112,Action|Adventure|Comedy|Family|Sci-Fi,PG
The Princess Diaries 2: Royal Engagement,Walt Disney,11-Aug-04,95170481,39564000,134734481,Comedy|Family|Romance,NA
Unbreakable,Walt Disney,22-Nov-00,95011339,153106782,248118121,Drama|Mystery|Sci-Fi|Thriller,PG-13
Beverly Hills Chihuahua,Walt Disney,NA,94514402,54778086,149292488,Adventure|Comedy|Drama|Family|Romance,NA
Tomorrowland,Walt Disney,20-May-15,93436322,115599346,209035668,Action|Adventure|Family|Mystery|Sci-Fi,PG
Flubber,Walt Disney,NA,92977226,85000000,177977226,Comedy|Family|Sci-Fi,NA
Crimson Tide,Walt Disney,NA,91387195,66000000,157387195,Action|Drama|Thriller|War,NA
Prince of Persia: The Sands of Time,Walt Disney,16-Jul-09,90759676,245606000,336365676,Action|Adventure|Fantasy|Romance,PG-13
The Game Plan,Walt Disney,NA,90648202,57232341,147880543,Comedy|Family|Sport,NA
High School Musical 3: Senior Year,Walt Disney,22-Oct-08,90559416,162349761,252909177,Comedy|Drama|Family|Music|Musical|Romance,G
Flightplan,Walt Disney,NA,89707299,133680000,223387299,Drama|Mystery|Thriller,NA
The Emperor's New Groove,Walt Disney,15-Dec-00,89636687,80025000,169661687,Adventure|Animation|Comedy|Family|Fantasy,NA
The Lone Ranger,Walt Disney,3-Jul-13,89302115,171200000,260502115,Action|Adventure|Western,PG-13
The Muppets,Walt Disney,23-Nov-11,88631237,76553000,165184237,Adventure|Comedy|Family|Musical,PG
Real Steel,Walt Disney,NA,85468508,213800000,299268508,Action|Drama|Sci-Fi|Sport,NA
Atlantis: The Lost Empire,Walt Disney,8-Jun-01,84056472,101997253,186053725,Action|Adventure|Animation|Family|Fantasy|Sci-Fi,PG
Saving Mr. Banks,Walt Disney,29-Nov-13,83301580,34566404,117867984,Biography|Comedy|Drama|History|Music,PG-13
Mr. Holland's Opus,Walt Disney,NA,82569971,23700000,106269971,Drama|Music,NA
Bridge to Terabithia,Walt Disney,NA,82272442,55314621,137587063,Adventure|Drama|Family|Fantasy,NA
Eight Below,Walt Disney,17-Feb-06,81612565,38843429,120455994,Adventure|Drama|Family,PG
Snow Dogs,Walt Disney,18-Jan-02,81172560,33862530,115035090,Adventure|Comedy|Family|Sport,PG
The Dark Knight,Warner Bros,16-Jul-08,534858444,471115201,1005973645,Action|Crime|Drama|Thriller,PG-13
The Dark Knight Rises,Warner Bros,19-Jul-12,448139099,633003513,1081142612,Action|Thriller,PG-13
American Sniper,Warner Bros,25-Dec-14,350126372,197300000,547426372,Action|Biography|Drama|History|Thriller|War,R
The Hobbit: An Unexpected Journey,Warner Bros,NA,303003568,714000000,1017003568,Adventure|Fantasy,NA
Harry Potter and the Half-Blood Prince,Warner Bros,15-Jul-09,302305431,632148664,934454096,Adventure|Family|Fantasy|Mystery,PG
Inception,Warner Bros,15-Jul-10,292576195,544260772,836836967,Action|Adventure|Sci-Fi|Thriller,PG-13
Harry Potter and the Order of the Phoenix,Warner Bros,11-Jul-07,292353413,649818982,942172396,Adventure|Family|Fantasy|Mystery,PG-13
Man of Steel,Warner Bros,12-Jun-13,291045518,377000000,668045518,Action|Adventure|Fantasy|Sci-Fi,PG-13
Harry Potter and the Goblet of Fire,Warner Bros,16-Nov-05,290417905,606260335,896678241,Adventure|Family|Fantasy|Mystery,PG-13
The Matrix Reloaded,Warner Bros,15-May-03,281576461,460271476,741847937,Action|Sci-Fi,R
The Hangover,Warner Bros,5-Jun-09,277322503,191988333,469310836,Comedy,R
Gravity,Warner Bros,3-Oct-13,274092705,449100000,723192705,Adventure|Drama|Sci-Fi|Thriller,PG-13
Harry Potter and the Chamber of Secrets,Warner Bros,14-Nov-02,262450136,617152229,879602366,Adventure|Family|Fantasy|Mystery,PG
The Hobbit: The Desolation of Smaug,Warner Bros,NA,258366855,700640658,959007513,Adventure|Fantasy,NA
The Lego Movie,Warner Bros,6-Feb-14,257760692,210300000,468060692,Action|Adventure|Animation|Comedy|Family|Fantasy,PG
I Am Legend,Warner Bros,12-Dec-07,256393010,329017042,585410052,Drama|Horror|Sci-Fi,PG-13
The Blind Side,Warner Bros,20-Nov-09,255959475,53248834,309208309,Biography|Drama|Sport,PG-13
The Hobbit: The Battle of the Five Armies,Warner Bros,NA,255119788,707063077,962182865,Adventure|Fantasy,NA
The Hangover Part II,Warner Bros,25-May-11,254464305,332300000,586764305,Comedy,R
Batman,Warner Bros,23-Jun-89,251348343,160160000,411508343,Action|Adventure,NA
Harry Potter and the Prisoner of Azkaban,Warner Bros,31-May-04,249975996,547385621,797361618,Adventure|Family|Fantasy|Mystery,PG
Twister,Warner Bros,10-May-96,241721524,252750000,494471524,Action|Adventure|Drama|Thriller,NA
The Exorcist,Warner Bros,NA,232906145,136017945,441306145,Horror,NA
Sherlock Holmes,Warner Bros,1-Jan-09,209028679,315000000,524028679,Action|Adventure|Crime|Mystery|Thriller,PG-13
Batman Begins,Warner Bros,15-Jun-05,206852432,166809514,373661946,Action|Adventure,PG-13
Charlie and the Chocolate Factory,Warner Bros,14-Jul-05,206459076,268509687,474968763,Adventure|Comedy|Family|Fantasy,PG
Superman Returns,Warner Bros,28-Jun-06,200081192,191000000,391081192,Action|Adventure|Sci-Fi,PG-13
Happy Feet,Warner Bros,17-Nov-06,198000317,186335791,384336108,Animation|Comedy|Family|Music|Romance,PG
The Polar Express,Warner Bros,10-Nov-04,187935490,126279964,314215454,Adventure|Animation|Family|Fantasy,NA
Sherlock Holmes: A Game of Shadows,Warner Bros,NA,186848418,357000000,543848418,Action|Adventure|Crime|Mystery|Thriller,NA
Batman Forever,Warner Bros,16-Jun-95,184069126,152498032,336567158,Action|Adventure|Fantasy,PG-13
The Fugitive,Warner Bros,NA,183875760,185000000,368875760,Action|Adventure|Crime|Drama|Mystery|Thriller,NA
Ocean's Eleven,Warner Bros,7-Dec-01,183417150,267300000,450717150,Crime|Thriller,PG-13
The Perfect Storm,Warner Bros,30-Jun-00,182618434,146100000,328718434,Action|Adventure|Drama|Thriller,PG-13
The Matrix,Warner Bros,31-Mar-99,171479930,295145800,466625730,Action|Sci-Fi,R
Robin Hood: Prince of Thieves,Warner Bros,14-Jun-91,165493908,225000000,390493908,Action|Adventure|Drama|Romance,NA
Clash of the Titans,Warner Bros,31-Mar-10,163214888,330000105,493214993,Action|Adventure|Fantasy,PG-13
Batman Returns,Warner Bros,19-Jun-92,162902340,103990656,266892996,Action,PG-13
San Andreas,Warner Bros,22-May-15,155190832,318818322,474009154,Action|Adventure|Drama|Thriller,PG-13
Mad Max: Fury Road,Warner Bros,7-May-15,154058340,221600410,375658750,Action|Adventure|Sci-Fi|Thriller,R
Scooby-Doo,Warner Bros,14-Jun-02,153294164,122356539,275650703,Adventure|Comedy|Mystery,PG
We're the Millers,Warner Bros,29-Aug-12,150394119,119600000,269994119,Comedy|Crime,R
Terminator 3: Rise of the Machines,Warner Bros,2-Jul-03,150371112,283000000,433371112,Action|Sci-Fi,R
Gran Torino,Warner Bros,12-Dec-08,148095302,121862926,269958228,Drama,R
The Great Gatsby,Warner Bros,10-May-13,144840419,208801855,353642274,Drama|Romance,PG-13
Lethal Weapon 3,Warner Bros,15-May-92,144731527,177000000,321731527,Action|Crime|Thriller,R
The Matrix Revolutions,Warner Bros,5-Nov-03,139313948,288030377,427344325,Action|Sci-Fi,R
The Conjuring,Warner Bros,18-Jul-13,137400141,182890848,320290989,Horror|Mystery|Thriller,R
The Green Mile,Warner Bros,10-Dec-99,136801374,150000000,286801374,Crime|Drama|Fantasy|Mystery,R
Argo,Warner Bros,11-Oct-12,136025503,96300000,232325503,Biography|Drama|History|Thriller,R
Superman,Warner Bros,15-Dec-78,134451603,166000000,300451603,Action|Adventure|Drama|Romance|Sci-Fi,PG
Troy,Warner Bros,12-May-04,133378256,364031596,497409852,Adventure,R
The Departed,Warner Bros,5-Oct-06,132384315,159081058,291465373,Crime|Drama|Thriller,R
Lethal Weapon 4,Warner Bros,10-Jul-98,130444603,155000000,285444603,Action|Crime|Thriller,R
Get Smart,Warner Bros,19-Jun-08,130319208,100366245,230685453,Action|Adventure|Comedy,PG-13
Ocean's Twelve,Warner Bros,9-Dec-04,125544280,237200000,362744280,Crime|Thriller,PG-13
Terminator Salvation,Warner Bros,20-May-09,125322469,246030532,371353001,Action|Adventure|Sci-Fi,PG-13
The Bodyguard,Warner Bros,NA,122006740,289000000,411006740,Action|Drama|Music|Romance,NA
Four Christmases,Warner Bros,26-Nov-08,120146040,43966681,164112721,Comedy|Drama|Romance,PG-13
Horrible Bosses,Warner Bros,7-Jul-11,117538559,92300000,209838559,Comedy|Crime,R
Ocean's Thirteen,Warner Bros,NA,117154724,194157900,311312624,Crime|Thriller,NA
Green Lantern,Warner Bros,15-Jun-11,116601172,103250000,219851172,Action|Adventure|Sci-Fi,PG-13
You've Got Mail,Warner Bros,18-Dec-98,115821495,135000000,250821495,Comedy|Drama|Romance,PG
Wild Wild West,Warner Bros,30-Jun-99,113804681,108300000,222104681,Action|Comedy|Sci-Fi|Western,PG-13
Magic Mike,Warner Bros,28-Jun-12,113721571,54018390,167739961,Comedy|Drama,R
The Last Samurai,Warner Bros,5-Dec-03,111127263,343500000,454627263,Action|Drama|History|War,R
Valentine's Day,Warner Bros,10-Feb-10,110485654,106000000,216485654,Comedy|Romance,PG-13
Creed,Warner Bros,25-Nov-15,109767581,63800000,173567581,Drama|Sport,PG-13
A Time to Kill,Warner Bros,NA,108766007,43500000,152266007,Crime|Drama|Thriller,NA
Ace Ventura: When Nature Calls,Warner Bros,NA,108385533,104000000,212385533,Adventure|Comedy,NA
Superman II,Warner Bros,19-Jun-81,108185706,108185706,108185706,Action|Adventure|Romance|Sci-Fi,PG
Watchmen,Warner Bros,4-Mar-09,107509799,77873014,185382813,Action|Drama|Mystery|Sci-Fi,R
Batman & Robin,Warner Bros,20-Jun-97,107353792,130881927,238235719,Action,PG-13
Dune,Warner Bros,NA,107344390,289700000,397044390,Action|Adventure|Sci-Fi,NA
Analyze This,Warner Bros,5-Mar-99,106885658,70000000,176885658,Comedy|Crime,R
Miss Congeniality,Warner Bros,22-Dec-00,106807667,105935053,212742720,Action|Comedy|Crime|Romance,PG-13
300: Rise of an Empire,Warner Bros,5-Mar-14,106580051,231000000,337580051,Action|Drama|Fantasy|War,R
Journey 2: The Mysterious Island,Warner Bros,19-Jan-12,103860290,231400000,335260290,Action|Adventure|Comedy|Family|Fantasy|Sci-Fi,PG
Pacific Rim,Warner Bros,11-Jul-13,101802906,309200000,411002906,Action|Adventure|Sci-Fi,PG-13
Journey to the Center of the Earth,Warner Bros,10-Jul-08,101704370,142528318,244232688,Action|Adventure|Family|Fantasy|Sci-Fi,PG
Eraser,Warner Bros,21-Jun-96,101295562,141000000,242295562,Action|Drama|Mystery|Thriller,R
Unforgiven,Warner Bros,NA,101157447,58000000,159157447,Drama|Western,NA
Rampage,Warner Bros,11-Apr-18,101028233,327000000,428028233,Action|Crime|Thriller,PG-13
Contact,Warner Bros,11-Jul-97,100920329,70200000,171120329,Drama|Mystery|Sci-Fi|Thriller,PG
The Pelican Brief,Warner Bros,NA,100768056,94500000,195268056,Crime|Drama|Mystery|Thriller,NA
Due Date,Warner Bros,3-Nov-10,100539043,111241781,211780824,Comedy|Drama,R
Million Dollar Baby,Warner Bros,15-Dec-04,100492203,116271443,216763646,Drama|Sport,PG-13
Yogi Bear,Warner Bros,17-Dec-10,100246011,103263363,203509374,Adventure|Animation|Comedy|Family,PG
Edge of Tomorrow,Warner Bros,28-May-14,100206256,270335000,370541256,Action|Adventure|Sci-Fi,PG-13
Yes Man,Warner Bros,18-Dec-08,97690976,125550661,223241637,Comedy|Romance,PG-13
Sex and the City 2,Warner Bros,27-May-10,95347692,195397363,290745055,Comedy|Drama|Romance,R
The Book of Eli,Warner Bros,14-Jan-10,94835059,62272696,157107755,Action|Adventure|Drama|Thriller,R
He's Just Not That Into You,Warner Bros,NA,93953653,84912505,178866158,Comedy|Drama|Romance,NA
The Bucket List,Warner Bros,25-Dec-07,93466502,81906000,175372502,Adventure|Comedy|Drama,PG-13
Cats & Dogs,Warner Bros,4-Jul-01,93385515,107301977,200687492,Action|Comedy|Family|Fantasy,PG
Two Weeks Notice,Warner Bros,20-Dec-02,93354851,105688620,199043471,Comedy|Romance,PG-13
The Town,Warner Bros,15-Sep-10,92186262,61839874,154026136,Crime|Drama|Thriller,R
The Client,Warner Bros,NA,92115211,25500000,117615211,Crime|Drama|Mystery|Thriller,NA
Space Cowboys,Warner Bros,4-Aug-00,90464773,38419359,128884132,Action|Adventure|Thriller,PG-13
Space Jam,Warner Bros,NA,90418342,140000000,230418342,Adventure|Animation|Comedy|Family|Fantasy|Sci-Fi|Sport,NA
Get Hard,Warner Bros,26-Mar-15,90411453,21300000,111711453,Comedy|Crime,R
Mystic River,Warner Bros,8-Oct-03,90135191,66460000,156595191,Crime|Drama|Mystery|Thriller,R
Starsky & Hutch,Warner Bros,5-Mar-04,88237754,82030996,170268750,Comedy|Crime,PG-13
The Campaign,Warner Bros,NA,86907746,18000000,104907746,Comedy,NA
Tammy,Warner Bros,2-Jul-14,84525432,15850000,100375432,Comedy,R
"Crazy, Stupid, Love.",Warner Bros,28-Jul-11,84351197,60700000,145051197,Comedy|Drama|Romance,PG-13
Annabelle,Warner Bros,23-Sep-14,84273813,173305469,257579282,Horror|Mystery,R
Scooby-Doo 2: Monsters Unleashed,Warner Bros,NA,84216833,97000000,181216833,Adventure|Comedy|Family|Fantasy|Horror|Mystery,NA
Wrath of the Titans,Warner Bros,28-Mar-12,83670083,218300000,301970083,Action|Adventure|Fantasy,PG-13
Disclosure,Warner Bros,9-Dec-94,83015089,131000000,214015089,Drama|Thriller,R
