Title,Year,Age,IMDb,Rotten Tomatoes,Netflix,Hulu,Prime Video,Disney+,Directors,Genres,Country,Language
Inception,2010,13+,8.8,87%,1,0,0,0,Christopher Nolan,Action|Adventure|Sci-Fi|Thriller,"United States,United Kingdom","English,Japanese,French"
The Matrix,1999,18+,8.7,87%,1,0,0,0,"Lana Wachowski,Lilly Wachowski",Action|Sci-Fi,United States,English
Back to the Future,1985,7+,8.5,96%,1,0,0,0,Robert Zemeckis,Adventure|Comedy|Sci-Fi,United States,English
The Pianist,2002,18+,8.5,95%,1,0,1,0,Roman Polanski,Biography|Drama|War,"United Kingdom,France,Poland,Germany","English,German,Russian"
Django Unchained,2012,18+,8.4,87%,1,0,0,0,Quentin Tarantino,Drama|Western,United States,"English,German,French,Italian"
Raiders of the Lost Ark,1981,7+,8.4,95%,1,0,0,0,Steven Spielberg,Action|Adventure,United States,"English,German,Hebrew,Spanish,Arabic,Nepali"
Inglourious Basterds,2009,18+,8.3,89%,1,0,0,0,Quentin Tarantino,Adventure|Drama|War,"Germany,United States","English,German,French,Italian"
Taxi Driver,1976,18+,8.3,95%,1,0,0,0,Martin Scorsese,Crime|Drama,United States,"English,Spanish"
Room,2015,18+,8.1,93%,1,0,0,0,Lenny Abrahamson,Drama,"Ireland,Canada,United Kingdom,United States",English
Monty Python and the Holy Grail,1975,7+,8.2,97%,1,0,0,0,"Terry Gilliam,Terry Jones",Adventure|Comedy|Fantasy,United Kingdom,"English,French,Latin"
Indiana Jones and the Last Crusade,1989,13+,8.2,88%,1,0,0,0,Steven Spielberg,Action|Adventure|Fantasy,United States,"English,German,Greek,Arabic"
Groundhog Day,1993,7+,8,96%,1,0,0,0,Harold Ramis,Comedy|Fantasy|Romance,United States,"English,French,Italian"
The King's Speech,2010,18+,8,95%,1,0,0,0,Tom Hooper,Biography|Drama|History|Romance,"United Kingdom,United States,Australia",English
Her,2013,18+,8,95%,1,0,0,0,Spike Jonze,Drama|Romance|Sci-Fi,United States,English
There Will Be Blood,2007,18+,8.2,91%,1,0,0,0,Paul Thomas Anderson,Drama,United States,"English,American Sign Language"
The Social Network,2010,13+,7.7,96%,1,0,0,0,David Fincher,Biography|Drama,United States,"English,French"
Dallas Buyers Club,2013,18+,8,93%,1,0,0,0,Jean-Marc Vallée,Biography|Drama,United States,"English,Japanese"
The Perks of Being a Wallflower,2012,13+,8,86%,1,0,0,0,Stephen Chbosky,Drama|Romance,United States,English
Ex Machina,2015,18+,7.7,92%,1,0,0,0,Alex Garland,Drama|Mystery|Sci-Fi|Thriller,"United Kingdom,United States",English
Silver Linings Playbook,2012,18+,7.7,92%,1,0,0,0,David O. Russell,Comedy|Drama|Romance,United States,English
District 9,2009,18+,7.9,90%,1,0,0,0,Neill Blomkamp,Action|Sci-Fi|Thriller,"South Africa,United States,New Zealand,Canada","English,Nyanja,Afrikaans,Zulu,Xhosa,Southern Sotho"
Moon,2009,18+,7.9,90%,1,0,0,0,Duncan Jones,Drama|Mystery|Sci-Fi,"United Kingdom,United States","English,Spanish"
Drive,2011,18+,7.8,92%,1,0,1,0,Nicolas Winding Refn,Crime|Drama,United States,"English,Spanish"
Minority Report,2002,13+,7.6,90%,1,0,0,0,Steven Spielberg,Action|Mystery|Sci-Fi|Thriller,United States,"English,Swedish"
Mystic River,2003,18+,7.9,88%,1,0,0,0,Clint Eastwood,Crime|Drama|Mystery|Thriller,"United States,Australia",English
Despicable Me,2010,7+,7.6,81%,1,0,0,0,"Pierre Coffin,Chris Renaud",Animation|Comedy|Family,"United States,France",English
Sin City,2005,18+,8,77%,1,0,0,0,"Frank Miller,Robert Rodriguez,Quentin Tarantino",Crime|Thriller,United States,English
Indiana Jones and the Temple of Doom,1984,7+,7.6,85%,1,0,0,0,Steven Spielberg,Action|Adventure,United States,"English,Sinhalese,Hindi"
The Theory of Everything,2014,13+,7.7,79%,1,0,0,0,James Marsh,Biography|Drama|Romance,"United Kingdom,Japan,United States","English,French"
The Pursuit of Happyness,2006,13+,8,67%,1,0,0,0,Gabriele Muccino,Biography|Drama,United States,"English,Cantonese"
Scott Pilgrim vs. the World,2010,13+,7.5,81%,1,0,0,0,Edgar Wright,Action|Comedy|Fantasy|Romance,"United States,United Kingdom,Canada,Japan",English
Magnolia,1999,18+,8,83%,1,0,0,0,Paul Thomas Anderson,Drama,United States,"English,German,French"
The Hateful Eight,2015,18+,7.8,75%,1,0,0,0,Quentin Tarantino,Crime|Drama|Mystery|Thriller|Western,United States,"English,Spanish,French"
The Artist,2011,13+,7.9,95%,1,0,0,0,Michel Hazanavicius,Comedy|Drama|Romance,"France,Belgium,United States","English,French"
Back to the Future Part II,1989,7+,7.8,65%,1,0,0,0,Robert Zemeckis,Adventure|Comedy|Sci-Fi,United States,English
Willy Wonka & the Chocolate Factory,1971,all,7.8,91%,1,0,0,0,Mel Stuart,Family|Fantasy|Musical,"United States,East Germany,West Germany,Belgium","English,French,German,Italian"
What's Eating Gilbert Grape,1993,13+,7.8,90%,1,0,1,0,Lasse Hallström,Drama|Romance,United States,English
The Curious Case of Benjamin Button,2008,13+,7.8,71%,1,0,0,0,David Fincher,Drama|Fantasy|Romance,United States,"English,Russian,French"
Hugo,2011,7+,7.5,93%,1,0,0,0,Martin Scorsese,Adventure|Drama|Family|Mystery,"United Kingdom,United States,France",English
As Good as It Gets,1997,13+,7.7,85%,1,0,0,0,James L. Brooks,Comedy|Drama|Romance,United States,English
Back to the Future Part III,1990,7+,7.4,80%,1,0,0,0,Robert Zemeckis,Adventure|Comedy|Sci-Fi|Western,United States,English
Road to Perdition,2002,18+,7.7,81%,1,0,0,0,Sam Mendes,Crime|Drama|Thriller,United States,English
End of Watch,2012,18+,7.6,85%,1,0,0,0,David Ayer,Crime|Drama|Thriller,United States,"English,Spanish"
The Evil Dead,1981,18+,7.5,95%,1,0,0,0,Sam Raimi,Fantasy|Horror,United States,English
About Time,2013,18+,7.8,68%,1,0,0,0,Richard Curtis,Drama|Fantasy|Romance,United Kingdom,English
Mud,2013,13+,7.4,97%,1,0,0,0,Jeff Nichols,Drama,United States,English
Philadelphia,1993,13+,7.7,80%,1,0,0,0,,Drama,United States,English
The Matrix Reloaded,2003,18+,7.2,73%,1,0,0,0,"Lana Wachowski,Lilly Wachowski",Action|Sci-Fi,United States,"English,French"
The Last Samurai,2003,18+,7.7,66%,1,0,0,0,Edward Zwick,Action|Drama|History|War,"United States,New Zealand,Japan","English,Japanese"
Saving Mr. Banks,2013,13+,7.5,79%,1,0,0,1,John Lee Hancock,Biography|Comedy|Drama|History|Music,"United States,United Kingdom,Australia",English
Corpse Bride,2005,7+,7.3,84%,1,0,0,0,"Tim Burton,Mike Johnson",Animation|Drama|Family|Fantasy|Musical|Romance,"United States,United Kingdom",English
Jerry Maguire,1996,18+,7.3,83%,1,0,0,0,Cameron Crowe,Comedy|Drama|Romance|Sport,United States,"English,American Sign Language"
GoldenEye,1995,13+,7.2,78%,1,0,0,0,Martin Campbell,Action|Adventure|Thriller,"United Kingdom,United States","English,Russian,Spanish"
The Little Prince,2015,7+,7.7,93%,1,0,0,0,Mark Osborne,Adventure|Animation|Drama|Family|Fantasy,"France,Canada,Italy,United States",English
The Spectacular Now,2013,18+,7.1,91%,1,0,0,0,James Ponsoldt,Comedy|Drama|Romance,United States,English
Blue Valentine,2010,18+,7.4,87%,1,0,0,0,Derek Cianfrance,Drama|Romance,United States,English
Kung Fu Panda 2,2011,7+,7.2,81%,1,0,0,0,Jennifer Yuh Nelson,Action|Adventure|Animation|Comedy|Family,United States,English
Cloverfield,2008,13+,7,77%,1,0,0,0,Matt Reeves,Action|Adventure|Horror|Sci-Fi,United States,"English,Russian"
The Adventures of Tintin,2011,7+,7.3,74%,1,0,0,0,Steven Spielberg,Action|Adventure|Family|Mystery,"United States,New Zealand,United Kingdom",English
Bolt,2008,7+,6.8,89%,1,0,0,1,"Byron Howard,Chris Williams",Adventure|Animation|Comedy|Drama|Family,United States,English
Chasing Amy,1997,18+,7.2,87%,1,0,0,0,Kevin Smith,Comedy|Drama|Romance,United States,English
The Princess and the Frog,2009,all,7.1,85%,1,0,0,1,"Ron Clements,John Musker",Animation|Family|Fantasy|Musical|Romance,United States,"English,French"
A Single Man,2009,18+,7.6,85%,1,0,0,0,Tom Ford,Drama|Romance,United States,"English,Spanish"
Blow,2001,18+,7.6,55%,1,0,0,0,Ted Demme,Biography|Crime|Drama,"United States,Mexico",English
The Squid and the Whale,2005,18+,7.3,92%,1,0,1,0,Noah Baumbach,Comedy|Drama,United States,English
Frances Ha,2013,18+,7.5,92%,1,0,0,0,Noah Baumbach,Comedy|Drama|Romance,United States,"French,English"
Tootsie,1982,7+,7.4,90%,1,0,0,0,Sydney Pollack,Comedy|Drama|Romance,United States,English
Steve Jobs,2015,18+,7.2,85%,1,0,0,0,Danny Boyle,Biography|Drama,"United Kingdom,United States",English
Tremors,1990,13+,7.1,88%,1,0,0,0,Ron Underwood,Comedy|Horror|Sci-Fi,United States,English
The Croods,2013,7+,7.2,71%,1,0,0,0,"Kirk DeMicco,Chris Sanders",Adventure|Animation|Comedy|Family|Fantasy,United States,English
Austin Powers: International Man of Mystery,1997,13+,7,71%,1,0,0,0,Jay Roach,Comedy|Crime,United States,English
Blue Ruin,2013,18+,7.1,96%,1,0,0,0,Jeremy Saulnier,Crime|Drama|Thriller,"United States,France",English
The Patriot,2000,18+,7.2,61%,1,1,0,0,Roland Emmerich,Action|Drama|History|War,"United States,Germany","English,French"
Babel,2006,18+,7.4,69%,1,0,0,0,Alejandro G. Iñárritu,Drama,"France,United States,Mexico,Morocco","English,Arabic,Spanish,Japanese,Berber languages,French,Russian,Japanese Sign Language"
Miracle,2004,7+,7.5,81%,1,0,0,1,Gavin O'Connor,Biography|Drama|History|Sport,"Canada,United States",English
Tinker Tailor Soldier Spy,2011,18+,7.1,83%,1,0,0,0,Tomas Alfredson,Drama|Mystery|Thriller,"France,United Kingdom,Germany","English,Russian,Hungarian,French,Turkish"
The Witch,2015,18+,6.9,90%,1,0,0,0,Robert Eggers,Horror|Mystery,"Canada,United States",English
Elizabeth,1998,18+,7.4,82%,1,0,0,0,Shekhar Kapur,Biography|Drama|History,United Kingdom,"English,French"
Freedom Writers,2007,13+,7.5,70%,1,0,1,0,Richard LaGravenese,Biography|Crime|Drama,"Germany,United States","English,Spanish"
The Master,2012,18+,7.2,85%,1,0,0,0,Paul Thomas Anderson,Drama,United States,"Filipino,English"
A Serious Man,2009,18+,7,90%,1,0,0,0,"Ethan Coen,Joel Coen",Comedy|Drama,"United States,United Kingdom,France","English,Yiddish,Hebrew"
Charlie and the Chocolate Factory,2005,7+,6.6,82%,1,0,0,0,Tim Burton,Adventure|Comedy|Family|Fantasy,"United Kingdom,United States",English
The Mask of Zorro,1998,13+,6.7,82%,1,0,0,0,Martin Campbell,Action|Adventure|Comedy|Romance|Thriller|Western,"United States,Germany,Mexico",English
Equilibrium,2002,18+,7.4,40%,1,0,0,0,Kurt Wimmer,Action|Drama|Sci-Fi|Thriller,United States,English
Arthur Christmas,2011,7+,7.1,92%,1,0,0,0,"Sarah Smith,Barry Cook",Adventure|Animation|Comedy|Family|Fantasy,"United Kingdom,United States",English
The Rainmaker,1997,13+,7.2,83%,1,0,1,0,Francis Ford Coppola,Crime|Drama|Thriller,"United States,Germany",English
The Crying Game,1992,18+,7.2,94%,1,0,0,0,Neil Jordan,Crime|Drama|Romance|Thriller,"United Kingdom,Japan",English
War Horse,2011,13+,7.2,74%,1,0,0,0,Steven Spielberg,Drama|War,"United States,India","English,German"
A Most Violent Year,2014,18+,7,89%,1,0,0,0,J.C. Chandor,Action|Crime|Drama|Thriller,"United States,United Arab Emirates","English,Spanish"
The Other Guys,2010,13+,6.6,78%,1,0,0,0,Adam McKay,Action|Comedy|Crime,United States,"English,Ukrainian"
Insidious,2010,13+,6.8,66%,1,0,0,0,James Wan,Fantasy|Horror|Mystery|Thriller,"United States,Canada,United Kingdom",English
Bad Boys,1995,18+,6.9,43%,1,0,0,0,Michael Bay,Action|Comedy|Crime|Drama|Thriller,United States,English
United 93,2006,18+,7.5,90%,1,0,0,0,Paul Greengrass,Drama|History|Thriller,"United States,United Kingdom,France","English,Arabic,German"
Patriot Games,1992,18+,6.9,72%,1,0,1,0,Phillip Noyce,Action|Thriller,United States,English
Hitch,2005,13+,6.6,68%,1,1,0,0,Andy Tennant,Comedy|Romance,United States,English
Indiana Jones and the Kingdom of the Crystal Skull,2008,13+,6.1,78%,1,0,0,0,Steven Spielberg,Action|Adventure|Fantasy,United States,"English,German,Russian"
Julie & Julia,2009,13+,7,77%,1,0,0,0,Nora Ephron,Biography|Drama|Romance,United States,"English,French"
Salt,2010,13+,6.4,62%,1,0,0,0,Phillip Noyce,Action|Crime|Mystery|Thriller,United States,"English,Russian,Korean"
The Hundred-Foot Journey,2014,7+,7.3,67%,1,0,0,0,Lasse Hallström,Comedy|Drama,"United States,India,United Arab Emirates","English,French"
Underworld,2003,18+,7,31%,1,0,0,0,Len Wiseman,Action|Fantasy|Thriller,"United States,United Kingdom,Germany,Hungary",English
Madagascar: Escape 2 Africa,2008,7+,6.6,64%,1,0,0,0,"Eric Darnell,Tom McGrath",Action|Adventure|Animation|Comedy|Family,United States,"English,Italian"
The Matrix Revolutions,2003,18+,6.8,35%,1,0,0,0,"Lana Wachowski,Lilly Wachowski",Action|Sci-Fi,United States,"English,French"
Austin Powers: The Spy Who Shagged Me,1999,13+,6.6,52%,1,0,0,0,Jay Roach,Action|Adventure|Comedy|Crime,United States,"English,German"
Get Him to the Greek,2010,18+,6.4,72%,1,0,0,0,Nicholas Stoller,Comedy|Music,United States,English
Slow West,2015,18+,6.9,92%,1,0,0,0,John Maclean,Western,"United Kingdom,New Zealand","English,French"
Sinister,2012,18+,6.8,64%,1,0,0,0,Scott Derrickson,Horror|Mystery,"United States,United Kingdom,Canada",English
20 Feet from Stardom,2013,13+,7.4,99%,1,0,0,0,Morgan Neville,Documentary|Music,United States,"English,Spanish"
My Week with Marilyn,2011,13+,7,83%,1,0,0,0,Simon Curtis,Biography|Drama,"United Kingdom,United States","English,French"
Jarhead,2005,18+,7,61%,1,0,0,0,Sam Mendes,Action|Drama|War,"United States,United Kingdom,Germany","English,Spanish,Arabic,Latin"
Yes Man,2008,13+,6.8,46%,1,0,0,0,Peyton Reed,Comedy|Romance,"United States,United Kingdom","English,Korean,Estonian"
Ace Ventura: Pet Detective,1994,13+,6.9,48%,1,0,0,0,Tom Shadyac,Comedy,United States,English
Olympus Has Fallen,2013,18+,6.5,49%,1,0,0,0,Antoine Fuqua,Action|Thriller,United States,"English,Korean"
La Bamba,1987,13+,6.9,90%,1,0,0,0,Luis Valdez,Biography|Drama|Music,United States,"English,Spanish"
Public Enemies,2009,18+,7,68%,1,0,0,0,Michael Mann,Biography|Crime|Drama|History|Romance,"United States,Japan",English
The Polar Express,2004,all,6.6,56%,1,0,0,0,Robert Zemeckis,Adventure|Animation|Family|Fantasy,United States,English
Under the Skin,2014,18+,6.3,85%,1,0,0,0,Jonathan Glazer,Drama|Horror|Sci-Fi|Thriller,"Switzerland,United Kingdom",English
Zack and Miri Make a Porno,2008,18+,6.5,65%,1,0,0,0,Kevin Smith,Comedy|Romance,United States,English
The Score,2001,18+,6.8,73%,1,0,1,0,Frank Oz,Crime|Drama|Thriller,"Germany,Canada,United States","English,French"
9,2009,13+,7.1,57%,1,0,0,0,Shane Acker,Action|Adventure|Animation|Drama|Mystery|Sci-Fi|Thriller,United States,English
Legend,2015,18+,6.9,61%,1,0,0,0,Brian Helgeland,Biography|Crime|Drama|History|Thriller,"United Kingdom,France,United States",English
Terminator 3: Rise of the Machines,2003,18+,6.3,69%,1,0,0,0,Jonathan Mostow,Action|Sci-Fi,"United States,Germany,United Kingdom",English
Hancock,2008,13+,6.4,41%,1,0,0,0,Peter Berg,Action|Drama,United States,"Vietnamese,English,Japanese"
Child's Play,1988,18+,6.6,71%,1,0,1,0,Lars Klevberg,Fantasy|Horror,"Canada,United States","English,Vietnamese"
Obvious Child,2014,18+,6.8,90%,1,0,0,0,Gillian Robespierre,Comedy|Drama,United States,English
The Spiderwick Chronicles,2008,7+,6.5,80%,1,0,0,0,Mark Waters,Adventure|Family|Fantasy,United States,English
Turbo,2013,7+,6.4,67%,1,0,0,0,David Soren,Adventure|Animation|Comedy|Family|Sport,United States,English
My Girl,1991,7+,6.9,53%,1,0,0,0,Howard Zieff,Comedy|Drama|Family|Romance,United States,English
Bad Boys II,2003,18+,6.6,23%,1,0,0,0,Michael Bay,Action|Comedy|Crime|Thriller,United States,"English,Spanish,Russian"
The Interview,2014,18+,6.5,52%,1,1,1,0,"Evan Goldberg,Seth Rogen",Comedy,United States,"English,Korean"
Outbreak,1995,18+,6.6,59%,1,0,0,0,Wolfgang Petersen,Action|Drama|Thriller,United States,"English,Korean,French"
Black Snake Moan,2006,18+,6.9,66%,1,0,1,0,Craig Brewer,Drama|Music,United States,English
Final Destination,2000,18+,6.7,35%,1,0,0,0,James Wong,Horror|Thriller,United States,"English,French"
Kill the Messenger,2014,18+,6.9,77%,1,0,0,0,Michael Cuesta,Biography|Crime|Drama|Mystery|Thriller,United States,English
Tomorrow Never Dies,1997,13+,6.5,57%,1,0,0,0,Roger Spottiswoode,Action|Adventure|Thriller,"United Kingdom,United States","English,German,Danish,Mandarin,Cantonese"
The Naked Gun 2½: The Smell of Fear,1991,13+,6.9,57%,1,0,0,0,David Zucker,Comedy|Crime,United States,"Spanish,English"
Oceans,2009,all,7.8,81%,1,0,0,0,"Jacques Perrin,Jacques Cluzaud",Documentary|Drama,"France,Switzerland,Spain,United States,United Arab Emirates","French,English"
Click,2006,13+,6.4,33%,1,0,0,0,Frank Coraci,Comedy|Drama|Fantasy|Romance,United States,"English,Portuguese,Japanese"
The Duchess,2008,13+,6.9,62%,1,0,1,0,Saul Dibb,Biography|Drama|History|Romance,"United Kingdom,Italy,France,United States",English
How the Grinch Stole Christmas,2000,7+,6.2,50%,1,0,0,0,Ron Howard,Comedy|Family|Fantasy,"United States,Germany",English
Bloodsport,1988,18+,6.8,40%,1,0,0,0,Newt Arnold,Action|Biography|Drama|Sport,United States,English
She's Out of My League,2010,18+,6.4,58%,1,0,1,0,Jim Field Smith,Comedy|Romance,United States,"English,Ukrainian"
Killing Them Softly,2012,18+,6.2,73%,1,0,0,0,Andrew Dominik,Crime|Thriller,United States,English
Terminator Salvation,2009,13+,6.5,33%,1,0,0,0,McG,Action|Adventure|Sci-Fi,"United States,Germany,United Kingdom,Italy","English,Italian"
The World Is Not Enough,1999,13+,6.4,52%,1,0,0,0,Michael Apted,Action|Adventure|Thriller,"United Kingdom,United States","English,Russian,Spanish"
Underworld: Evolution,2006,18+,6.7,17%,1,0,0,0,Len Wiseman,Action|Adventure|Fantasy|Sci-Fi|Thriller,"United States,Canada","English,French,Hungarian"
The Water Diviner,2014,18+,7,61%,1,0,0,0,Russell Crowe,Drama|War,"Australia,United States","English,Turkish,Greek,Russian"
Austin Powers in Goldmember,2002,13+,6.2,54%,1,0,0,0,Jay Roach,Action|Comedy|Crime,United States,"English,Japanese,German,French"
Event Horizon,1997,18+,6.7,27%,1,0,0,0,Paul W.S. Anderson,Horror|Sci-Fi|Thriller,"United Kingdom,United States","English,Latin"
Young Adult,2011,18+,6.2,80%,1,0,1,0,Jason Reitman,Comedy|Drama,United States,English
While We're Young,2014,18+,6.3,84%,1,0,0,0,Noah Baumbach,Comedy|Drama,United States,English
Die Another Day,2002,13+,6.1,57%,1,0,0,0,Lee Tamahori,Action|Adventure|Thriller,"United Kingdom,United States","English,Korean,Cantonese,Spanish,German,Icelandic,Italian,Arabic"
Cadillac Records,2008,18+,7,67%,1,0,0,0,Darnell Martin,Biography|Drama|Music,United States,English
The Runaways,2010,18+,6.5,70%,1,0,0,0,Floria Sigismondi,Biography|Drama|Music,United States,English
What Lies Beneath,2000,13+,6.6,46%,1,0,0,0,Robert Zemeckis,Drama|Fantasy|Horror|Mystery|Thriller,United States,English
One Day,2011,13+,7,36%,1,0,1,0,Lone Scherfig,Drama|Romance,"United States,United Kingdom",English
Final Destination 2,2003,18+,6.2,48%,1,0,0,0,David R. Ellis,Horror|Thriller,"United States,Canada",English
White Fang,2018,7+,6.9,88%,1,0,0,1,Randal Kleiser,Adventure|Drama,United States,English
Underworld: Rise of the Lycans,2009,18+,6.6,30%,1,0,0,0,Patrick Tatopoulos,Action|Adventure|Fantasy|Sci-Fi|Thriller,"United States,New Zealand",English
Kevin Hart: Laugh at My Pain,2011,18+,7.4,71%,1,0,0,0,"Leslie Small,Tim Story",Comedy|Documentary,United States,English
Gridiron Gang,2006,13+,6.9,43%,1,0,0,0,Phil Joanou,Crime|Drama|Sport,United States,English
Hot Rod,2007,13+,6.7,39%,1,0,1,0,Akiva Schaffer,Comedy,United States,English
Bee Movie,2007,7+,6.1,50%,1,0,0,0,"Simon J. Smith,Steve Hickner",Adventure|Animation|Comedy|Family,"United States,Australia",English
He's Just Not That Into You,2009,13+,6.4,41%,1,0,0,0,Ken Kwapis,Comedy|Drama|Romance,"Germany,United States",English
Bandits,2001,13+,6.5,64%,1,0,1,0,Barry Levinson,Comedy|Crime|Drama|Romance,United States,English
DragonHeart,1996,13+,6.5,50%,1,0,0,0,Rob Cohen,Action|Adventure|Fantasy,United States,English
Soul Surfer,2011,7+,7,45%,1,0,0,0,Sean McNamara,Biography|Drama|Family|Sport,United States,English
Haywire,2011,18+,5.8,80%,1,0,0,0,Steven Soderbergh,Action|Thriller,"Ireland,United States","English,Spanish"
Stuart Little,1999,7+,5.9,67%,1,0,0,0,Rob Minkoff,Adventure|Comedy|Family|Fantasy,"Germany,United States","English,Dutch"
Big Miracle,2012,7+,6.5,75%,1,0,0,0,Ken Kwapis,Biography|Drama|Romance,"United States,United Kingdom",English
Deep Impact,1998,13+,6.2,45%,1,0,0,0,Mimi Leder,Action|Drama|Romance|Sci-Fi|Thriller,United States,English
Red Dawn,1984,13+,6.4,46%,1,0,0,0,John Milius,Action|Drama|War,United States,"English,Russian,Spanish"
Jimmy Neutron: Boy Genius,2001,all,6,74%,1,0,0,0,John A. Davis,Action|Adventure|Animation|Comedy|Family|Sci-Fi,United States,English
World Trade Center,2006,13+,5.9,67%,1,0,1,0,Oliver Stone,Drama|History|Thriller,United States,English
Mortal Kombat,1995,13+,5.8,47%,1,0,0,0,Paul W.S. Anderson,Action|Adventure|Fantasy|Sci-Fi|Thriller,United States,English
Carriers,2009,13+,6,68%,1,0,0,0,"David Pastor,Àlex Pastor",Drama|Horror|Sci-Fi|Thriller,United States,English
Can't Hardly Wait,1998,13+,6.5,42%,1,0,0,0,"Harry Elfont,Deborah Kaplan",Comedy|Romance,United States,English
The First Wives Club,1996,7+,6.4,50%,1,0,1,0,Hugh Wilson,Comedy,United States,English
Resident Evil: Extinction,2007,18+,6.3,24%,1,0,0,0,Russell Mulcahy,Action|Horror|Sci-Fi|Thriller,"France,Australia,Germany,United Kingdom,United States,Mexico,Canada",English
Open Season,2006,7+,6.1,48%,1,0,0,0,"Roger Allers,Jill Culton,Anthony Stacchi",Adventure|Animation|Comedy|Family,United States,English
Resident Evil: Apocalypse,2004,18+,6.2,20%,1,0,0,0,Alexander Witt,Action|Horror|Sci-Fi|Thriller,"Germany,France,United Kingdom,Canada,United States",English
Kate & Leopold,2001,13+,6.4,50%,1,0,0,0,James Mangold,Comedy|Fantasy|Romance,United States,"English,French"
Burlesque,2010,13+,6.4,36%,1,0,0,0,Steve Antin,Drama|Music|Musical|Romance,United States,English
The Invention of Lying,2009,13+,6.4,56%,1,0,0,0,"Ricky Gervais,Matthew Robinson",Comedy|Fantasy|Romance,United States,English
Eye for an Eye,2019,,6.6,88%,1,0,1,0,"Francesco Cinquemani,George Gallo",Crime|Drama|Thriller,"Italy,United States","English,Spanish"
Center Stage,2000,13+,6.7,42%,1,0,0,0,Nicholas Hytner,Drama|Music|Romance,United States,English
Quartet,2012,13+,6.8,80%,1,0,0,0,Dustin Hoffman,Comedy|Drama,United Kingdom,"English,Italian,Polish,French"
Dolphin Tale 2,2014,7+,6.4,65%,1,0,0,0,Charles Martin Smith,Drama|Family,United States,English
Evolution,2001,13+,6.1,43%,1,1,1,0,Ivan Reitman,Drama|Horror|Mystery|Sci-Fi,United States,English
The Iron Lady,2011,13+,6.4,52%,1,0,0,0,Phyllida Lloyd,Biography|Drama|History,"United Kingdom,France",English
After,2019,13+,5.4,17%,1,0,1,0,Jenny Gage,Fantasy|Horror|Mystery|Thriller,United States,English
Jersey Boys,2014,18+,6.8,51%,1,0,0,0,Clint Eastwood,Biography|Drama|Music|Musical,United States,"English,Italian,French"
Final Destination 3,2006,18+,5.8,43%,1,0,0,0,James Wong,Horror,"United States,Germany",English
Elizabeth: The Golden Age,2007,13+,6.8,34%,1,0,0,0,Shekhar Kapur,Biography|Drama|History|War,"United Kingdom,France,Germany,United States","English,Spanish,Swedish"
The Green Hornet,2011,13+,5.8,44%,1,0,0,0,Michel Gondry,Action|Comedy|Crime|Sci-Fi|Thriller,United States,"English,Mandarin"
Dear John,2010,13+,6.3,29%,1,0,0,0,Lasse Hallström,Drama|Romance|War,United States,English
Kiss the Girls,1997,18+,6.6,29%,1,0,1,0,Gary Fleder,Crime|Drama|Mystery|Thriller,United States,"English,Mandarin"
Transcendence,2014,13+,6.3,20%,1,0,0,0,Wally Pfister,Drama|Mystery|Romance|Sci-Fi|Thriller,"United Kingdom,China,United States",English
Stuart Little 2,2002,all,5.4,81%,1,0,0,0,Rob Minkoff,Adventure|Animation|Comedy|Family|Fantasy,United States,English
From Paris with Love,2010,18+,6.5,38%,1,0,1,0,Pierre Morel,Action|Thriller,France,"English,French,Mandarin,German"
Promised Land,2012,18+,6.6,52%,1,0,0,0,Gus Van Sant,Drama,"United States,United Arab Emirates",English
The Signal,2014,13+,6.1,61%,1,0,0,0,William Eubank,Sci-Fi|Thriller,United States,English
Self/less,2015,13+,6.5,19%,1,0,0,0,Tarsem Singh,Action|Mystery|Sci-Fi|Thriller,United States,English
Circle,2015,,6,60%,1,0,0,0,"Aaron Hann,Mario Miscione",Drama|Horror|Mystery|Sci-Fi|Thriller,United States,English
In the Shadow of the Moon,2019,18+,6.2,59%,1,0,0,0,Jim Mickle,Documentary|History,"United States,Canada",English
Mirror Mirror,2012,7+,5.6,50%,1,0,1,0,Tarsem Singh,Adventure|Comedy|Drama|Family|Fantasy,"United States,Canada",English
Brooklyn's Finest,2009,18+,6.7,44%,1,0,1,0,Antoine Fuqua,Crime|Drama|Thriller,United States,English
Wish I Was Here,2014,18+,6.7,46%,1,0,0,0,Zach Braff,Comedy|Drama,United States,English
Chicken Little,2005,all,5.7,37%,1,0,0,1,Mark Dindal,Adventure|Animation|Comedy|Family|Sci-Fi,United States,English
Kevin Hart: Let Me Explain,2013,18+,6.8,61%,1,0,0,0,"Leslie Small,Tim Story",Comedy|Documentary,United States,English
Fun with Dick and Jane,2005,13+,6.2,28%,1,0,0,0,Dean Parisot,Comedy|Crime,United States,"English,Spanish"
Johnny English Reborn,2011,7+,6.3,38%,1,0,0,0,Oliver Parker,Action|Adventure|Comedy|Crime,"United Kingdom,France,United States","English,Mandarin,Swiss German,Cantonese,Russian"
Highway,2014,13+,7.7,88%,1,0,0,0,Imtiaz Ali,Crime|Drama,India,"Hindi,English"
Chloe,2009,18+,6.3,51%,1,0,0,0,Atom Egoyan,Drama|Mystery|Romance|Thriller,"United States,Canada,France",English
Benji,2018,7+,6.3,60%,1,0,0,0,Brandon Camp,Adventure|Family|Romance,"United Arab Emirates,United States",English
Heartbreakers,2001,13+,6.2,53%,1,0,0,0,David Mirkin,Comedy|Crime|Romance,United States,"English,Russian"
Nighthawks,1981,18+,6.4,70%,1,0,0,0,"Bruce Malmuth,Gary Nelson",Action|Crime|Thriller,United States,"English,German,French,Swedish"
Romeo Must Die,2000,18+,6.1,32%,1,0,0,0,Andrzej Bartkowiak,Action|Crime|Thriller,United States,"English,Chinese"
Ghost Rider,2007,13+,5.2,26%,1,0,0,0,Mark Steven Johnson,Action|Fantasy|Thriller,"United States,Australia",English
Jupiter Ascending,2015,13+,5.3,27%,1,0,0,0,"Lana Wachowski,Lilly Wachowski",Action|Adventure|Sci-Fi,"United States,Australia","English,Russian"
Shutter,2004,18+,7.1,,1,0,0,0,"Banjong Pisanthanakun,Parkpoom Wongpoom",Horror|Mystery|Thriller,Thailand,Thai
Nacho Libre,2006,7+,5.7,39%,1,0,0,0,Jared Hess,Comedy|Family|Sport,"United States,Mexico","English,Spanish"
Dinner for Schmucks,2010,13+,5.9,41%,1,0,0,0,Jay Roach,Comedy,United States,English
School Daze,1988,18+,6,58%,1,0,0,0,Spike Lee,Comedy|Drama|Musical,United States,English
Resident Evil: Afterlife,2010,18+,5.8,22%,1,0,0,0,Paul W.S. Anderson,Action|Adventure|Horror|Sci-Fi,"Germany,France,United States,Canada,United Kingdom,China","English,Japanese,Spanish"
The Time Machine,2002,13+,6,29%,1,0,0,0,Simon Wells,Action|Adventure|Sci-Fi,"United States,United Arab Emirates",English
Looney Tunes: Back in Action,2003,7+,5.7,56%,1,0,0,0,"Joe Dante,Eric Goldberg",Adventure|Animation|Comedy|Family|Fantasy|Sci-Fi,"Germany,United States",English
The Tourist,2010,13+,6,20%,1,0,0,0,Florian Henckel von Donnersmarck,Action|Romance|Thriller,"United States,France,Italy,United Kingdom","English,French,Italian,Russian,Spanish"
What a Girl Wants,2003,7+,5.8,35%,1,0,0,0,Dennie Gordon,Comedy|Drama|Family|Romance,"United States,United Kingdom",English
Race to Witch Mountain,2009,7+,5.7,42%,1,0,0,0,Andy Fickman,Action|Adventure|Family|Fantasy|Sci-Fi|Thriller,United States,English
A Night at the Roxbury,1998,13+,6.3,11%,1,0,1,0,John Fortenberry,Comedy|Music|Romance,United States,English
We Are Your Friends,2015,18+,6.2,38%,1,0,0,0,Max Joseph,Drama|Music|Romance,"United Kingdom,France,United States",English
The Rugrats Movie,1998,all,5.9,59%,1,0,0,0,"Igor Kovalyov,Norton Virgien",Adventure|Animation|Comedy|Drama|Family|Musical,United States,English
Earth to Echo,2014,7+,5.8,51%,1,0,0,0,Dave Green,Adventure|Family|Sci-Fi,United States,English
40 Days and 40 Nights,2002,18+,5.6,39%,1,0,0,0,Michael Lehmann,Comedy|Romance,"United States,United Kingdom,France",English
Ninja Assassin,2009,18+,6.3,25%,1,0,0,0,James McTeigue,Action|Crime|Thriller,"Germany,United States",English
"As Above, So Below",2014,18+,6.2,26%,1,0,0,0,John Erick Dowdle,Horror|Mystery|Thriller,United States,"English,French,Latin"
Concussion,2013,18+,5.6,75%,1,0,0,0,Peter Landesman,Biography|Drama|Sport,"United Kingdom,Australia,United States",English
The Core,2003,13+,5.5,40%,1,0,1,0,Jon Amiel,Action|Adventure|Sci-Fi|Thriller,"United States,Germany,Canada,United Kingdom,Italy,France",English
Secret in Their Eyes,2015,13+,6.3,39%,1,0,0,0,Billy Ray,Crime|Drama|Mystery|Thriller,"United States,United Kingdom,Spain,South Korea",English
Don't Be Afraid of the Dark,2010,18+,5.6,60%,1,0,0,0,Troy Nixey,Fantasy|Horror|Thriller,"United States,Australia,Mexico",English
Scary Movie 2,2001,18+,5.3,15%,1,0,0,0,Keenen Ivory Wayans,Comedy,"United States,Canada",English
Failure to Launch,2006,13+,5.6,24%,1,0,0,0,Tom Dey,Comedy|Romance,United States,English
The Bounty Hunter,2010,13+,5.6,12%,1,0,0,0,Andy Tennant,Action|Comedy|Romance,United States,"English,Ukrainian"
Guess Who,2005,13+,5.9,42%,1,0,0,0,Kevin Rodney Sullivan,Comedy|Romance,United States,English
Valentine's Day,2010,13+,5.7,18%,1,0,0,0,Garry Marshall,Comedy|Romance,United States,"English,Spanish,Russian,Italian"
The Lovers,2017,18+,6,84%,1,0,0,0,George Stevens,Action|Adventure|Romance|Sci-Fi,United States,English
Raising Cain,1992,18+,6.1,57%,1,0,0,0,Brian De Palma,Crime|Drama|Thriller,United States,"English,Spanish"
Hop,2011,7+,5.4,25%,1,0,0,0,Tim Hill,Adventure|Animation|Comedy|Family|Fantasy,United States,"English,Chinese,Spanish,French,Ukrainian"
The Peacemaker,1997,18+,5.9,39%,1,0,0,0,Mimi Leder,Action|Thriller,United States,"English,Russian,Serbian,Bosnian,Croatian,Polish"
The Final Destination,2009,18+,5.2,29%,1,0,0,0,David R. Ellis,Horror,United States,English
For Colored Girls,2010,18+,6.1,32%,1,0,0,0,Tyler Perry,Drama,United States,English
Tusk,2014,18+,5.3,45%,1,0,0,0,Kevin Smith,Comedy|Drama|Horror,United States,English
Cirque du Freak: The Vampire's Assistant,2009,13+,5.8,38%,1,0,0,0,Paul Weitz,Action|Adventure|Fantasy|Thriller,United States,"English,Spanish,French"
Drillbit Taylor,2008,13+,5.7,26%,1,0,0,0,Steven Brill,Comedy|Drama,United States,English
Namastey London,2007,,7.1,,1,0,1,0,Vipul Amrutlal Shah,Comedy|Drama|Romance,India,"Hindi,German,Italian"
Cop Out,2010,18+,5.6,18%,1,0,0,0,Kevin Smith,Action|Comedy|Crime,United States,"English,Spanish"
The Green Inferno,2014,18+,5.3,38%,1,0,0,0,Eli Roth,Adventure|Horror,"United States,Spain,Chile,Peru","English,Spanish"
The Vatican Tapes,2015,18+,4.9,20%,1,0,0,0,Mark Neveldine,Horror|Thriller,United States,"English,Aramaic"
Loving Annabelle,2006,,6.3,,1,0,0,0,Katherine Brooks,Drama|Romance,United States,English
House at the End of the Street,2012,13+,5.6,14%,1,0,0,0,Mark Tonderai,Drama|Horror|Thriller,"Canada,United States",English
All the Boys Love Mandy Lane,2008,18+,5.5,43%,1,0,0,0,Jonathan Levine,Horror,United States,English
Dream House,2011,13+,6,6%,1,0,0,0,Jim Sheridan,Drama|Mystery|Thriller,"United States,Canada",English
Country Strong,2010,13+,6.3,22%,1,0,0,0,Shana Feste,Drama|Music,United States,English
Ri¢hie Ri¢h,1994,7+,5.4,24%,1,0,0,0,Donald Petrie,Comedy|Family,United States,"English,Latin"
Carrie,2002,18+,5.5,20%,1,0,0,0,Brian De Palma,Drama|Fantasy|Horror,United States,English
The International,2006,13+,7.2,,1,0,0,0,Tom Tykwer,Action|Crime|Drama|Mystery|Thriller,"United States,Germany,United Kingdom,France","English,Italian,French,Danish"
Imagine That,2009,7+,5.6,41%,1,0,1,0,Karey Kirkpatrick,Comedy|Drama|Family|Fantasy,"United States,Germany",English
Sleepover,2004,7+,5.3,15%,1,0,1,0,Joe Nussbaum,Comedy|Romance,United States,English
The Amityville Horror,2005,18+,6,,1,0,1,0,Andrew Douglas,Drama|Horror|Mystery|Thriller,United States,English
Rugrats Go Wild,2003,7+,5.6,39%,1,0,0,0,"John Eng,Norton Virgien",Adventure|Animation|Comedy|Family|Fantasy|Musical,United States,English
Sinister 2,2015,18+,5.3,16%,1,0,0,0,Ciarán Foy,Horror|Mystery|Thriller,"United States,United Kingdom,Canada",English
A Haunted House,2013,18+,5,9%,1,0,0,0,Michael Tiddes,Comedy|Fantasy,United States,"English,Spanish"
"The Goods: Live Hard, Sell Hard",2009,18+,5.8,27%,1,0,1,0,Neal Brennan,Comedy,United States,English
Sex and the City 2,2010,18+,4.5,16%,1,0,0,0,Michael Patrick King,Comedy|Drama|Romance,United States,"English,Arabic"
Race,2008,,6.7,,1,0,1,0,Stephen Hopkins,Biography|Drama|Sport,"Canada,Germany,France","English,German"
Apollo 18,2011,13+,5.2,23%,1,0,0,0,Gonzalo López-Gallego,Horror|Mystery|Sci-Fi|Thriller,"United States,Canada",English
Chernobyl Diaries,2012,18+,5,19%,1,0,0,0,Bradley Parker,Horror|Mystery|Sci-Fi|Thriller,United States,"English,Ukrainian,Russian"
The Cat in the Hat,2003,7+,3.9,9%,1,1,0,0,Bo Welch,Adventure|Comedy|Family|Fantasy,United States,English
Casa De Mi Padre,2012,18+,5.5,41%,1,0,0,0,Matt Piedmont,Comedy|Western,"United States,Mexico","Spanish,English"
Demonic,2015,18+,5.3,33%,1,0,0,0,Will Canon,Horror|Thriller,United States,English
Silent Hill: Revelation 3D,2012,18+,5,10%,1,0,0,0,M.J. Bassett,Adventure|Drama|Horror|Mystery|Thriller,"Canada,France,Japan",English
Soul Plane,2004,18+,4.5,18%,1,0,1,0,Jessy Terrero,Comedy,United States,"English,Spanish"
By the Sea,2015,18+,5.3,34%,1,0,0,0,Angelina Jolie,Drama|Romance,"France,Malta,United States","English,French,Ukrainian"
The Last Airbender,2010,7+,4.1,5%,1,0,0,0,M. Night Shyamalan,Action|Adventure|Family|Fantasy,United States,English
Snow Day,2000,7+,5.1,29%,1,0,0,0,Chris Koch,Adventure|Comedy|Family,United States,English
Point Blank,2019,18+,5.7,38%,1,0,1,0,Joe Lynch,Crime|Thriller,"France,United States",English
The Ridiculous 6,2015,16+,4.8,,1,0,0,0,Frank Coraci,Comedy|Western,United States,English
Skin Trade,2014,18+,5.6,25%,1,0,0,0,Ekachai Uekrongtham,Action|Crime|Thriller,"Thailand,Canada,United States","English,Thai"
The Roommate,2011,13+,4.8,4%,1,0,0,0,Christian E. Christiansen,Drama|Horror|Thriller,United States,English
The Watcher,2000,18+,5.3,10%,1,0,0,0,Tim Hunter,Crime|Horror|Mystery|Thriller,"Canada,United States",English
Psycho,2020,,6.3,,1,0,0,0,Alfred Hitchcock,Horror|Mystery|Thriller,United States,English
Shorts,2009,7+,4.7,46%,1,0,0,0,Robert Rodriguez,Comedy|Family|Fantasy,"United States,United Arab Emirates",English
Miss Julie,2014,13+,5.4,51%,1,0,0,0,Liv Ullmann,Drama|Romance,"Norway,United Kingdom,France,Ireland",English
I Don't Know How She Does It,2011,13+,4.9,17%,1,0,0,0,Douglas McGrath,Comedy|Romance,United States,English
Hoodwinked Too! Hood VS. Evil,2011,7+,4.7,11%,1,0,0,0,Mike Disa,Animation|Comedy|Family,United States,English
The Cell,2017,,6.4,,1,0,0,0,Tarsem Singh,Horror|Sci-Fi|Thriller,"United States,Germany",English
Sahara,2017,7+,5.5,,1,0,0,0,Breck Eisner,Action|Adventure|Comedy|Thriller,"United Kingdom,Spain,Germany,United States","English,French,Arabic"
The Love Guru,2008,13+,3.8,14%,1,0,1,0,Marco Schnabel,Comedy|Romance|Sport,"United Kingdom,Germany,United States",English
River's Edge,2018,,6.2,71%,1,0,0,0,Tim Hunter,Crime|Drama,United States,English
Zoom,2006,7+,4.4,3%,1,0,0,0,Peter Hewitt,Action|Adventure|Family|Sci-Fi,United States,English
The Crew,2015,,6.3,,1,0,0,0,Julien Leclercq,Comedy|Crime,France,French
Joy,2018,18+,6.6,,1,0,0,0,David O. Russell,Biography|Comedy|Drama,United States,"English,Spanish,French"
The Devil Inside,2012,18+,4.2,6%,1,0,0,0,William Brent Bell,Horror,United States,"English,German,Italian"
Nothing to Lose,2018,7+,5.5,,1,0,1,0,Steve Oedekerk,Action|Adventure|Comedy|Crime,United States,English
Dance Flick,2009,13+,3.5,18%,1,0,1,0,Damien Dante Wayans,Action|Comedy|Music,United States,English
Much Ado About Nothing,2016,,6.5,,1,0,0,0,Kenneth Branagh,Comedy|Drama|Romance,"United Kingdom,United States",English
Hide and Seek,2016,,5.9,,1,0,1,0,John Polson,Drama|Horror|Mystery|Thriller,"Germany,United States",English
Cabin Fever,2016,18+,3.7,,1,0,0,0,Eli Roth,Horror,United States,English
Awake,2019,,5,14%,1,0,0,0,Aleksandr Chernyaev,Crime|Mystery|Thriller,United States,English
Hero,1997,18+,6.3,,1,0,1,0,Yimou Zhang,Action|Adventure|History,"China,Hong Kong",Mandarin
Water,2013,13+,6.8,,1,0,1,0,Deepa Mehta,Drama|Romance,"Canada,India","Hindi,Sanskrit"
The Dark Knight,2008,13+,9,94%,0,1,0,0,Christopher Nolan,Action|Crime|Drama|Thriller,"United States,United Kingdom","English,Mandarin"
GoodFellas,1990,18+,8.7,96%,0,1,0,0,Martin Scorsese,Biography|Crime|Drama,United States,"English,Italian"
Good Will Hunting,1997,18+,8.3,97%,0,1,0,0,Gus Van Sant,Drama,United States,English
The Green Mile,1999,18+,8.6,78%,0,1,0,0,Frank Darabont,Crime|Drama|Fantasy|Mystery,United States,"English,French"
Batman Begins,2005,13+,8.2,84%,0,1,0,0,Christopher Nolan,Action|Adventure,"United States,United Kingdom","English,Mandarin"
Kill Bill: Vol. 1,2003,18+,8.1,85%,0,1,0,0,Quentin Tarantino,Action,"United States,Japan","English,Japanese,French"
Zombieland,2009,18+,7.6,90%,0,1,1,0,Ruben Fleischer,Adventure|Comedy|Horror|Sci-Fi,United States,English
Kill Bill: Vol. 2,2004,18+,8,84%,0,1,0,0,Quentin Tarantino,Action|Crime|Drama|Thriller,United States,"English,Cantonese,Mandarin,Spanish"
True Grit,2010,13+,7.6,96%,0,1,1,0,"Ethan Coen,Joel Coen",Adventure|Drama|Western,United States,English
50/50,2011,18+,7.6,93%,0,1,0,0,Jonathan Levine,Comedy|Drama|Romance,United States,English
The Conjuring,2013,18+,7.5,85%,0,1,0,0,James Wan,Horror|Mystery|Thriller,United States,"English,Latin"
Blazing Saddles,1974,18+,7.7,89%,0,1,0,0,Mel Brooks,Comedy|Western,United States,"English,Yiddish,German"
Up in the Air,2009,18+,7.4,91%,0,1,1,0,Jason Reitman,Drama|Romance,United States,English
The Cabin in the Woods,2012,18+,7,92%,0,1,1,0,Drew Goddard,Fantasy|Horror|Mystery|Thriller,United States,"English,Japanese"
Escape from Alcatraz,1979,7+,7.6,96%,0,1,1,0,Don Siegel,Biography|Crime|Drama,United States,English
Star Trek II: The Wrath of Khan,1982,7+,7.7,87%,0,1,1,0,Nicholas Meyer,Action|Adventure|Sci-Fi,United States,English
Super 8,2011,13+,7,81%,0,1,1,0,J.J. Abrams,Mystery|Sci-Fi|Thriller,United States,English
The Descent,2005,18+,7.2,85%,0,1,1,0,Neil Marshall,Adventure|Horror|Thriller,United Kingdom,English
Rango,2011,7+,7.2,88%,0,1,1,0,Gore Verbinski,Adventure|Animation|Comedy|Family|Western,United States,English
The Host,2006,18+,7.1,93%,0,1,0,0,Bong Joon Ho,Action|Adventure|Romance|Sci-Fi|Thriller,South Korea,"Korean,English"
We Need to Talk About Kevin,2011,18+,7.5,75%,0,1,1,0,Lynne Ramsay,Drama|Thriller,"United Kingdom,United States",English
Let Me In,2010,18+,7.1,88%,0,1,0,0,Matt Reeves,Drama|Fantasy|Horror|Mystery,"United Kingdom,United States",English
Megamind,2010,7+,7.2,72%,0,1,0,0,Tom McGrath,Action|Animation|Comedy|Family|Sci-Fi,United States,English
The Full Monty,1997,18+,7.2,96%,0,1,0,0,Peter Cattaneo,Comedy|Drama|Music,"United Kingdom,United States",English
Chicken Run,2000,all,7,97%,0,1,0,0,"Peter Lord,Nick Park",Adventure|Animation|Comedy|Drama|Family,"United Kingdom,United States,France",English
Swingers,1996,18+,7.2,87%,0,1,0,0,Doug Liman,Comedy|Drama,United States,English
"Food, Inc.",2008,7+,7.8,95%,0,1,0,0,Robert Kenner,Documentary,United States,English
Notes on a Scandal,2006,18+,7.4,87%,0,1,0,0,Richard Eyre,Crime|Drama|Romance|Thriller,United Kingdom,"English,French"
Star Trek VI: The Undiscovered Country,1991,7+,7.2,82%,0,1,1,0,Nicholas Meyer,Action|Adventure|Sci-Fi|Thriller,United States,"English,Klingon"
The Prince of Egypt,1998,7+,7.1,80%,0,1,0,0,"Brenda Chapman,Steve Hickner,Simon Wells",Adventure|Animation|Biography|Drama|Family|Fantasy|Musical,United States,"English,Hebrew"
Phone Booth,2002,18+,7,72%,0,1,0,0,Joel Schumacher,Crime|Thriller,United States,"English,Swahili"
Gods and Monsters,1998,18+,7.4,95%,0,1,0,0,Bill Condon,Biography|Drama,"United States,United Kingdom","English,Hungarian"
Bend It Like Beckham,2002,13+,6.6,85%,0,1,0,0,Gurinder Chadha,Comedy|Drama|Romance|Sport,"United Kingdom,Germany,United States","English,Punjabi,Hindi,German"
Hud,1963,,7.8,82%,0,1,1,0,Martin Ritt,Drama,United States,English
The Book of Eli,2010,18+,6.9,47%,0,1,0,0,"Albert Hughes,Allen Hughes",Action|Adventure|Drama|Thriller,United States,English
The Messenger,2009,18+,7.1,89%,0,1,1,0,Oren Moverman,Drama|Romance|War,United States,"English,Spanish"
Antz,1998,7+,6.5,93%,0,1,0,0,"Eric Darnell,Tim Johnson",Adventure|Animation|Comedy|Family,United States,English
The Next Three Days,2010,13+,7.4,51%,0,1,1,0,Paul Haggis,Crime|Drama|Romance|Thriller,"United States,France",English
Kinsey,2004,18+,7,90%,0,1,0,0,Bill Condon,Biography|Drama,"United States,Germany",English
Spirit: Stallion of the Cimarron,2002,all,7.1,70%,0,1,0,0,"Kelly Asbury,Lorna Cook",Adventure|Animation|Family|Western,United States,English
The Skeleton Twins,2014,18+,6.8,87%,0,1,1,0,Craig Johnson,Comedy|Drama,United States,English
Monster House,2006,7+,6.6,75%,0,1,0,0,Gil Kenan,Animation|Comedy|Family|Fantasy|Mystery,United States,English
Star Trek III: The Search for Spock,1984,7+,6.7,80%,0,1,1,0,Leonard Nimoy,Action|Adventure|Sci-Fi,United States,"English,Klingon,Russian,French"
Get Smart,2008,13+,6.5,50%,0,1,0,0,Peter Segal,Action|Adventure|Comedy,United States,"English,Russian,Punjabi,Arabic"
Killer Joe,2011,18+,6.7,79%,0,1,0,0,William Friedkin,Crime|Drama|Romance|Thriller,United States,English
Oculus,2014,18+,6.5,75%,0,1,0,0,Mike Flanagan,Horror|Mystery,United States,English
Arbitrage,2012,18+,6.6,88%,0,1,1,0,Nicholas Jarecki,Drama|Thriller,"United States,Poland",English
Jackass 3D,2010,18+,7,65%,0,1,1,0,Jeff Tremaine,Action|Comedy|Documentary,United States,English
The Cooler,2003,18+,6.9,77%,0,1,1,0,Wayne Kramer,Crime|Drama|Fantasy|Romance,United States,English
The Road to El Dorado,2000,7+,6.9,48%,0,1,0,0,"Bibo Bergeron,Don Paul,Jeffrey Katzenberg",Adventure|Animation|Comedy|Family|Romance,United States,English
Transformers: Dark of the Moon,2011,13+,6.2,35%,0,1,1,0,Michael Bay,Action|Adventure|Sci-Fi,United States,English
No Strings Attached,2011,18+,6.2,49%,0,1,1,0,Ivan Reitman,Comedy|Romance,"United States,United Kingdom","English,Ukrainian"
Soul Food,1997,18+,7,81%,0,1,0,0,George Tillman Jr.,Comedy|Drama,United States,English
Footloose,2011,13+,5.9,69%,0,1,1,0,Craig Brewer,Drama|Music|Romance,United States,English
Charlotte's Web,1973,all,6.9,76%,0,1,1,0,Gary Winick,Comedy|Family|Fantasy,"United States,Germany,Australia",English
Drinking Buddies,2013,18+,6.1,83%,0,1,0,0,Joe Swanberg,Comedy|Drama|Romance,United States,English
Slums of Beverly Hills,1998,18+,6.6,80%,0,1,0,0,Tamara Jenkins,Comedy|Drama,United States,English
The Frozen Ground,2013,18+,6.4,61%,0,1,1,0,Scott Walker,Crime|Drama|Mystery|Thriller,United States,"English,French"
The Hunchback of Notre Dame,1923,,7.3,91%,0,1,0,1,"Gary Trousdale,Kirk Wise",Animation|Drama|Family|Musical|Romance,"United States,France","English,Latin"
Paranormal Activity 3,2011,18+,5.8,67%,0,1,0,0,"Henry Joost,Ariel Schulman",Horror,United States,English
Star Trek: Insurrection,1998,7+,6.4,55%,0,1,1,0,Jonathan Frakes,Action|Adventure|Sci-Fi|Thriller,United States,English
Bad Company,1972,7+,7,92%,0,1,1,0,Wes Craven,Action|Adventure|Comedy|Thriller,United States,English
Manderlay,2005,,7.3,50%,0,1,0,0,Lars von Trier,Drama,"Denmark,Sweden,Netherlands,France,Germany,United Kingdom,Italy,United States",English
Man on a Ledge,2012,13+,6.6,32%,0,1,1,0,Asger Leth,Action|Crime|Thriller,United States,"English,Spanish"
Meek's Cutoff,2010,7+,6.5,86%,0,1,1,0,Kelly Reichardt,Drama|Western,United States,English
Walking Tall,1973,18+,7,75%,0,1,0,0,Kevin Bray,Action|Crime,United States,English
Pet Sematary,2019,18+,5.7,58%,0,1,1,0,"Kevin Kölsch,Dennis Widmyer",Fantasy|Horror,"United States,Canada",English
Star Trek: The Motion Picture,1979,7+,6.4,42%,0,1,1,0,Robert Wise,Adventure|Mystery|Sci-Fi,United States,"English,Klingon"
The Mexican,2001,18+,6.1,54%,0,1,0,0,Gore Verbinski,Adventure|Comedy|Crime|Romance,"United States,Mexico","English,Spanish"
Paranormal Activity 2,2010,18+,5.6,59%,0,1,1,0,Tod Williams,Horror,United States,"English,Spanish"
Welcome to the Rileys,2010,18+,7,54%,0,1,1,0,Jake Scott,Drama,"United Kingdom,United States",English
Grabbers,2012,,6.3,72%,0,1,0,0,Jon Wright,Comedy|Horror|Sci-Fi|Thriller,"Ireland,United Kingdom",English
Sinbad: Legend of the Seven Seas,2003,7+,6.7,45%,0,1,0,0,"Patrick Gilmore,Tim Johnson",Adventure|Animation|Comedy|Drama|Family|Fantasy|Romance,United States,"English,Cantonese,Italian"
The 33,2015,13+,6.9,48%,0,1,0,0,Patricia Riggen,Biography|Drama|History,"Chile,Colombia,Spain,United States","English,Spanish"
Leap Year,2010,7+,6.5,23%,0,1,0,0,Anand Tucker,Comedy|Romance,"United States,Ireland","English,Ukrainian"
The League of Extraordinary Gentlemen,2003,13+,5.8,17%,0,1,0,0,Stephen Norrington,Action|Adventure|Fantasy|Sci-Fi,"United States,Germany,Czech Republic,United Kingdom","English,German,Italian"
Before I Go to Sleep,2014,18+,6.3,37%,0,1,0,0,Rowan Joffe,Drama|Mystery|Thriller,"United Kingdom,United States,France,Sweden",English
The Yellow Handkerchief,2009,13+,6.7,66%,0,1,1,0,Udayan Prasad,Drama|Romance,United States,English
The Chumscrubber,2005,18+,6.9,37%,0,1,0,0,Arie Posin,Comedy|Drama,"United States,Germany",English
The Ant Bully,2006,7+,5.8,62%,0,1,0,0,John A. Davis,Adventure|Animation|Comedy|Family|Fantasy,United States,English
Tank Girl,1995,18+,5.3,40%,0,1,0,0,Rachel Talalay,Action|Comedy|Sci-Fi,"United States,United Kingdom",English
Case 39,2009,18+,6.2,21%,0,1,1,0,Christian Alvart,Horror|Mystery|Thriller,"United States,Canada",English
The X Files: I Want to Believe,2008,13+,5.9,31%,0,1,0,0,Chris Carter,Drama|Mystery|Sci-Fi|Thriller,"United States,Canada","English,Russian,Czech"
Friday the 13th: The Final Chapter,1984,18+,6,20%,0,1,1,0,Joseph Zito,Horror|Thriller,United States,English
Antiviral,2012,,5.7,66%,0,1,0,0,Brandon Cronenberg,Horror|Sci-Fi|Thriller,"Canada,France",English
The Kid,2019,18+,5.9,45%,0,1,1,1,Vincent D'Onofrio,Comedy|Family|Fantasy,United States,English
Wild Card,2015,18+,5.6,32%,0,1,1,0,Simon West,Action|Crime|Drama|Thriller,United States,English
Æon Flux,2005,13+,5.4,9%,0,1,0,0,Karyn Kusama,Action|Sci-Fi,"United States,Germany,Brazil,Italy",English
Brick Mansions,2014,13+,5.7,25%,0,1,0,0,Camille Delamarre,Action|Crime|Drama|Thriller,"France,Canada,United States,Spain","English,Chinese"
Planet 51,2009,7+,6,22%,0,1,0,0,"Jorge Blanco,Javier Abad,Marcos Martínez",Adventure|Animation|Comedy|Family|Sci-Fi,"Spain,United Kingdom,United States","English,Spanish"
Conan the Barbarian,2011,18+,5.2,25%,0,1,1,0,John Milius,Adventure|Fantasy,"United States,Spain,Mexico",English
Free Birds,2013,7+,5.9,19%,0,1,0,0,Jimmy Hayward,Adventure|Animation|Comedy|Family,United States,English
Righteous Kill,2008,18+,6,18%,0,1,0,0,Jon Avnet,Action|Crime|Drama|Mystery|Thriller,United States,"English,Spanish,Russian"
Star Trek V: The Final Frontier,1989,7+,5.5,22%,0,1,1,0,William Shatner,Action|Adventure|Sci-Fi|Thriller,United States,"English,Klingon"
Friday the 13th Part III,1982,18+,5.7,12%,0,1,1,0,Steve Miner,Horror|Thriller,United States,English
Abduction,2011,13+,5.1,5%,0,1,1,0,John Singleton,Action|Mystery|Thriller,United States,English
The Big Wedding,2013,18+,5.6,7%,0,1,1,0,Justin Zackham,Comedy,United States,"English,Spanish,Chinese,Latin"
Madea's Witness Protection,2012,13+,4.9,19%,0,1,1,0,Tyler Perry,Comedy|Crime|Drama,United States,English
Texas Chainsaw 3D,2013,18+,4.8,19%,0,1,1,0,John Luessenhop,Horror|Thriller,United States,English
"I, Frankenstein",2014,13+,5.1,5%,0,1,1,0,Stuart Beattie,Action|Fantasy|Sci-Fi|Thriller,"United States,Australia",English
And So It Goes,2014,13+,5.8,18%,0,1,0,0,Rob Reiner,Comedy|Drama|Romance,United States,English
Fun Size,2012,13+,5.4,25%,0,1,1,0,Josh Schwartz,Adventure|Comedy,United States,English
Bangkok Dangerous,2008,18+,5.4,8%,0,1,0,0,"Danny Pang,Oxide Chun Pang",Action|Crime|Thriller,"United States,Czech Republic,Thailand","English,Thai"
Legends of Oz: Dorothy's Return,2014,7+,5.1,17%,0,1,0,0,"Will Finn,Daniel St. Pierre",Adventure|Animation|Family|Fantasy|Musical,"United States,India",English
Black Rock,2012,18+,4.7,52%,0,1,0,0,Katie Aselton,Horror|Thriller,United States,English
The Prince,2014,18+,4.6,,0,1,0,0,,Action|Thriller,Egypt,Arabic
Middle of Nowhere,2008,18+,6.5,,0,1,0,0,John Stockwell,Drama,United States,English
Furry Vengeance,2010,7+,3.8,,0,1,0,0,Roger Kumble,Comedy|Family,"United States,United Arab Emirates",English
Getaway,2013,13+,4.4,2%,0,1,0,0,Sam Peckinpah,Action|Crime|Thriller,United States,"English,Spanish"
Out of the Dark,2014,18+,4.8,24%,0,1,1,0,Lluís Quílez,Horror|Thriller,"United States,United Arab Emirates,Colombia,Spain",English
Alive,2018,,,,0,1,0,0,Frank Marshall,Adventure|Biography|Drama|Thriller,"United States,Canada",English
Deck the Halls,2011,13+,5.1,,0,1,0,0,John Whitesell,Comedy|Family,United States,"English,German"
Inside Out,2011,13+,4.5,25%,0,1,1,1,"Pete Docter,Ronnie Del Carmen",Adventure|Animation|Comedy|Drama|Family|Fantasy,United States,English
The Box,2018,,5.7,,0,1,1,0,Richard Kelly,Drama|Fantasy|Mystery|Thriller,United States,English
The Avengers,2012,13+,8,92%,0,0,1,1,Joss Whedon,Action|Adventure|Sci-Fi,United States,"English,Russian,Hindi"
Airplane!,1980,7+,7.7,97%,0,0,1,0,"Jim Abrahams,David Zucker,Jerry Zucker",Comedy,United States,English
Rosemary's Baby,1968,18+,8,96%,0,0,1,0,Roman Polanski,Drama|Horror,United States,English
The Girl with the Dragon Tattoo,2009,18+,7.8,85%,0,0,1,0,David Fincher,Crime|Drama|Mystery|Thriller,"United States,Sweden,Norway","English,Swedish"
Thor,2011,13+,7,77%,0,0,1,1,Kenneth Branagh,Action|Adventure|Fantasy,United States,English
Captain America: The First Avenger,2011,13+,6.9,80%,0,0,1,1,Joe Johnston,Action|Adventure|Sci-Fi,United States,"English,Norwegian,French"
Night of the Living Dead,1968,18+,7.9,97%,0,0,1,0,George A. Romero,Drama|Horror|Mystery,United States,English
The Machinist,2004,18+,7.7,77%,0,0,1,0,Brad Anderson,Drama|Thriller,"Spain,France,United Kingdom,United States","English,Spanish"
The Conversation,1974,7+,7.8,98%,0,0,1,0,Francis Ford Coppola,Drama|Mystery|Thriller,United States,English
Iron Man 2,2010,13+,7,73%,0,0,1,1,Jon Favreau,Action|Adventure|Sci-Fi,United States,"English,French,Russian"
Pi,1998,18+,7.4,88%,0,0,1,0,Darren Aronofsky,Drama|Mystery|Thriller,United States,"English,Hebrew"
Apocalypto,2006,18+,7.8,66%,0,0,1,0,Mel Gibson,Action|Adventure|Drama|Thriller,"United States,Mexico,United Kingdom",Maya
The Lincoln Lawyer,2011,18+,7.3,84%,0,0,1,0,Brad Furman,Crime|Drama|Thriller,United States,English
The Man Who Shot Liberty Valance,1962,13+,8.1,93%,0,0,1,0,John Ford,Drama|Western,United States,English
Escape from New York,1981,18+,7.2,86%,0,0,1,0,John Carpenter,Action|Sci-Fi,United States,English
Inside Llewyn Davis,2013,18+,7.5,92%,0,0,1,0,"Ethan Coen,Joel Coen",Drama|Music,"United States,United Kingdom,France",English
Dead Man Walking,1995,18+,7.5,95%,0,0,1,0,Tim Robbins,Crime|Drama,"United Kingdom,United States",English
Capote,2005,18+,7.3,90%,0,0,1,0,Bennett Miller,Biography|Crime|Drama,"United States,Canada",English
Samsara,2011,13+,8.5,76%,0,0,1,0,Ron Fricke,Documentary|Music,"United States,Indonesia,Singapore,Thailand,Kenya,Denmark,Brazil,Jordan,United Arab Emirates,Saudi Arabia,South Africa,Italy,Ghana,Egypt,China,Japan,Ethiopia,South Korea,Namibia",None
The Hours,2002,13+,7.5,80%,0,0,1,0,Stephen Daldry,Drama|Romance,"United States,United Kingdom,France,Canada,Germany",English
Seven Psychopaths,2012,18+,7.2,82%,0,0,1,0,Martin McDonagh,Comedy|Crime,"United Kingdom,United States","English,Vietnamese"
Bridget Jones's Diary,2001,18+,6.7,80%,0,0,1,0,Sharon Maguire,Comedy|Drama|Romance,"United Kingdom,France,United States",English
The Last Waltz,1978,7+,8.2,98%,0,0,1,0,Martin Scorsese,Documentary|Music,United States,"English,Middle English"
Lars and the Real Girl,2007,13+,7.3,81%,0,0,1,0,Craig Gillespie,Comedy|Drama|Romance,"United States,Canada","English,Spanish"
The Virgin Suicides,1999,18+,7.2,76%,0,0,1,0,Sofia Coppola,Drama|Romance,United States,English
Fiddler on the Roof,1971,all,8,83%,0,0,1,0,Norman Jewison,Drama|Family|Musical|Romance,United States,"English,Hebrew,Russian"
The Return of the Living Dead,1985,18+,7.3,92%,0,0,1,0,Dan O'Bannon,Comedy|Horror|Sci-Fi,United States,English
Legends of the Fall,1994,18+,7.6,58%,0,0,1,0,Edward Zwick,Drama|Romance|War|Western,United States,"English,Cornish"
Highlander,1986,18+,7.1,69%,0,0,1,0,Russell Mulcahy,Action|Adventure|Fantasy,United Kingdom,English
The Italian Job,1969,all,7.3,83%,0,0,1,0,F. Gary Gray,Action|Crime|Thriller,"United States,France,Italy,United Kingdom,Germany","English,Russian,Italian"
The Ghost Writer,2010,13+,7.2,84%,0,0,1,0,Roman Polanski,Mystery|Thriller,"France,Germany,United Kingdom",English
Indie Game: The Movie,2012,,7.6,94%,0,0,1,0,"Lisanne Pajot,James Swirsky",Documentary,Canada,"English,French"
The Boondock Saints,1999,18+,7.8,22%,0,0,1,0,Troy Duffy,Action|Crime|Thriller,"United States,Canada","English,Spanish,Papiamento,Russian,Latin"
The Proposition,2005,18+,7.4,86%,0,0,1,0,"Elizabeth Banks,Steven Brill,Steve Carr,Rusty Cundieff,James Duffy,Griffin Dunne,Peter Farrelly,Patrik Forsberg,Will Graham,James Gunn,Brett Ratner,Jonathan van Tulleken,Bob Odenkirk",Crime|Drama|Western,United States,English
You Can Count on Me,2000,18+,7.5,95%,0,0,1,0,Kenneth Lonergan,Drama,United States,English
The Sweet Hereafter,1997,18+,7.5,100%,0,0,1,0,Atom Egoyan,Drama,Canada,English
Triangle,2009,18+,6.9,80%,0,0,1,0,Christopher Smith,Fantasy|Mystery|Thriller,"United Kingdom,Australia",English
Robot & Frank,2012,13+,7.1,86%,0,0,1,0,Jake Schreier,Comedy|Crime|Drama|Sci-Fi,United States,English
Hellraiser,1987,18+,7,70%,0,0,1,0,Clive Barker,Fantasy|Horror,United Kingdom,English
Air Force One,1997,18+,6.5,76%,0,0,1,0,Wolfgang Petersen,Action|Adventure|Drama|Thriller,"United States,Germany","English,Russian"
Reds,1981,7+,7.3,90%,0,0,1,0,Warren Beatty,Biography|Drama|History|Romance,United States,"English,Russian,German,French,Finnish,Italian"
Bernie,2012,13+,6.8,88%,0,0,1,0,Richard Linklater,Comedy|Crime|Drama,United States,English
Ink,2009,,6.9,100%,0,0,1,0,Jamin Winans,Action|Drama|Fantasy|Sci-Fi,United States,English
A Bridge Too Far,1977,7+,7.4,64%,0,0,1,0,Richard Attenborough,Drama|History|War,United States,"English,German,Dutch,Polish,Latin"
A Most Wanted Man,2014,18+,6.8,87%,0,0,1,0,Anton Corbijn,Crime|Drama|Thriller,"United Kingdom,United States,Germany","Arabic,English,Turkish"
House of Sand and Fog,2003,18+,7.5,74%,0,0,1,0,Vadim Perelman,Drama,United States,"English,Persian"
The Phantom of the Opera,1925,13+,7.6,91%,0,0,1,0,Joel Schumacher,Drama|Musical|Romance|Thriller,"United Kingdom,United States","English,Italian"
The Doors,1991,18+,7.2,57%,0,0,1,0,Oliver Stone,Biography|Drama|Music|Musical,"United States,France",English
Transsiberian,2008,18+,6.7,92%,0,0,1,0,Brad Anderson,Crime|Drama|Mystery|Thriller,"United Kingdom,Germany,Spain,Lithuania","English,Russian,Spanish,Mandarin,French"
House on Haunted Hill,1959,,6.9,88%,0,0,1,0,William Malone,Horror|Mystery|Thriller,United States,English
The Crazies,2010,18+,6.5,71%,0,0,1,0,Breck Eisner,Horror|Thriller,"United States,United Arab Emirates",English
The Man from Earth,2007,13+,7.9,,0,0,1,0,Richard Schenkman,Drama|Romance|Sci-Fi,United States,English
Harry Brown,2009,18+,7.2,63%,0,0,1,0,Daniel Barber,Action|Crime|Drama|Thriller,United Kingdom,English
Ghost Town,2008,13+,6.7,85%,0,0,1,0,David Koepp,Comedy|Drama|Fantasy|Romance,United States,English
Sabotage,1937,,7.1,100%,0,0,1,0,David Ayer,Action|Crime|Drama|Thriller,United States,"English,Spanish"
Who Killed the Electric Car?,2006,7+,7.6,89%,0,0,1,0,Chris Paine,Documentary,United States,English
Breakdown,1997,18+,6.9,80%,0,0,1,0,Jonathan Mostow,Action|Crime|Drama|Mystery|Thriller,United States,English
The House of the Devil,2009,18+,6.4,87%,0,0,1,0,Ti West,Horror,United States,English
Magic Mike,2012,18+,6.1,79%,0,0,1,0,Steven Soderbergh,Comedy|Drama,United States,English
Draft Day,2014,13+,6.8,59%,0,0,1,0,Ivan Reitman,Drama|Sport,United States,English
Capitalism: A Love Story,2009,18+,7.4,75%,0,0,1,0,Michael Moore,Crime|Documentary|News,United States,"English,Russian,Spanish"
Dark Water,2002,13+,6.7,80%,0,0,1,0,Walter Salles,Drama|Horror|Thriller,United States,English
Sunshine Cleaning,2008,18+,6.8,74%,0,0,1,0,Christine Jeffs,Comedy|Drama,United States,"English,Spanish"
The Woman in Black,2012,13+,6.4,67%,0,0,1,0,James Watkins,Drama|Fantasy|Horror|Thriller,"United Kingdom,Canada,United States,Sweden",English
Danny Collins,2015,18+,7,77%,0,0,1,0,Dan Fogelman,Comedy|Drama|Music,United States,English
Charlie Bartlett,2007,18+,7,57%,0,0,1,0,Jon Poll,Comedy|Drama|Romance,United States,English
The Ninth Gate,1999,18+,6.7,43%,0,0,1,0,Roman Polanski,Mystery|Thriller,"France,Spain,United States","English,French,Latin,Portuguese,Spanish"
Igby Goes Down,2002,18+,6.9,76%,0,0,1,0,Burr Steers,Comedy|Drama,United States,English
"Jeff, Who Lives at Home",2011,18+,6.5,77%,0,0,1,0,"Jay Duplass,Mark Duplass",Comedy|Drama,United States,English
Stake Land,2010,18+,6.5,74%,0,0,1,0,Jim Mickle,Drama|Horror|Sci-Fi,United States,English
Like Crazy,2011,13+,6.7,71%,0,0,1,0,Drake Doremus,Drama|Romance,United States,English
Changing Lanes,2002,18+,6.4,77%,0,0,1,0,Roger Michell,Drama|Thriller,United States,English
Agora,2009,13+,7.2,53%,0,0,1,0,Alejandro Amenábar,Adventure|Drama|History|Romance,"Spain,Malta,Bulgaria",English
Trees Lounge,1996,18+,7.1,81%,0,0,1,0,Steve Buscemi,Comedy|Drama,United States,English
Wendy and Lucy,2008,18+,7.1,85%,0,0,1,0,Kelly Reichardt,Drama,United States,English
Rat Race,2001,13+,6.4,44%,0,0,1,0,Jerry Zucker,Adventure|Comedy,"United States,Canada",English
Beneath Hill 60,2010,18+,7.1,85%,0,0,1,0,Jeremy Sims,Drama|History|War,Australia,"English,German"
Dragonslayer,1981,7+,6.7,87%,0,0,1,0,Matthew Robbins,Action|Adventure|Fantasy,"United States,United Kingdom",English
Out of Time,2003,18+,6.5,64%,0,0,1,0,Carl Franklin,Crime|Drama|Romance|Thriller,United States,English
The Long Riders,1980,18+,7,83%,0,0,1,0,Walter Hill,Western,United States,"English,Swedish"
"Fat, Sick & Nearly Dead",2010,,7.5,69%,0,0,1,0,"Joe Cross,Kurt Engfehr",Documentary,"Australia,United States",English
The Nutty Professor,1963,,6.7,85%,0,0,1,0,Tom Shadyac,Comedy|Romance|Sci-Fi,United States,English
Bill & Ted's Bogus Journey,1991,7+,6.3,54%,0,0,1,0,Peter Hewitt,Adventure|Comedy|Fantasy|Music|Sci-Fi,United States,"English,Italian,Russian"
The Young and Prodigious T.S. Spivet,2013,all,7.1,76%,0,0,1,0,Jean-Pierre Jeunet,Action|Adventure|Drama|Family,"France,Canada",English
The Bodyguard,1992,18+,6.3,33%,0,0,1,0,,Action|Drama|Music|Romance,United Kingdom,English
The Kentucky Fried Movie,1977,18+,6.5,81%,0,0,1,0,John Landis,Comedy,United States,"English,Korean"
Dick Tracy,1990,7+,6.1,62%,0,0,1,0,Warren Beatty,Action|Comedy|Crime|Music|Romance|Thriller,United States,English
The Island,2006,13+,7.9,63%,0,0,1,0,Michael Bay,Action|Adventure|Romance|Sci-Fi|Thriller,United States,English
Bully,2001,18+,6.9,54%,0,0,1,0,Larry Clark,Biography|Crime|Drama,"United States,France,United Kingdom",English
The Midnight Meat Train,2008,18+,6.1,72%,0,0,1,0,Ryûhei Kitamura,Fantasy|Horror|Mystery,"United States,United Kingdom",English
The Man in the Iron Mask,1998,13+,6.5,33%,0,0,1,0,Randall Wallace,Action|Adventure,"France,United States","English,Italian"
Morvern Callar,2002,18+,6.8,84%,0,0,1,0,Lynne Ramsay,Drama,"United Kingdom,Canada","English,Spanish"
The Soloist,2009,13+,6.7,57%,0,0,1,0,Joe Wright,Biography|Drama|Music,"United Kingdom,France,United States",English
Class of 1984,1982,18+,6.6,74%,0,0,1,0,Mark L. Lester,Action|Crime|Drama|Thriller,Canada,English
Conversations with Other Women,2006,18+,7,74%,0,0,1,0,Hans Canosa,Comedy|Drama|Romance,"United Kingdom,United States",English
Grave Encounters,2011,18+,6.1,64%,0,0,1,0,"Colin Minihan,Stuart Ortiz,The Vicious Brothers",Horror,Canada,English
Spun,2002,18+,6.8,37%,0,0,1,0,Jonas Åkerlund,Comedy|Crime|Drama,United States,English
Antarctica: A Year on Ice,2013,7+,7.6,87%,0,0,1,0,Anthony Powell,Adventure|Biography|Documentary|Drama,New Zealand,English
The Ultimate Gift,2006,7+,7.3,32%,0,0,1,0,Michael O. Sajbel,Drama|Family|Romance,United States,"English,Spanish"
Young Sherlock Holmes,1985,13+,6.8,64%,0,0,1,0,Barry Levinson,Adventure|Fantasy|Mystery|Thriller,United States,English
Home,2009,,8.6,,0,0,1,0,Tim Johnson,Adventure|Animation|Comedy|Family|Fantasy|Sci-Fi,United States,"English,French"
Hollywood Shuffle,1987,18+,7,88%,0,0,1,0,Robert Townsend,Comedy,United States,English
The Dirties,2013,,6.9,81%,0,0,1,0,Matt Johnson,Crime|Drama|Thriller,Canada,English
College,1927,,7.1,89%,0,0,1,0,,Comedy,United States,English
Eden,2012,18+,6.6,86%,0,0,1,0,Mia Hansen-Løve,Drama|Thriller,France,"French,English"
The Prophecy,1995,18+,6.5,43%,0,0,1,0,Gregory Widen,Action|Fantasy|Horror|Mystery|Thriller,United States,English
The Way of the Gun,2000,18+,6.7,45%,0,0,1,0,Christopher McQuarrie,Action|Crime|Drama|Thriller,United States,"English,Spanish"
Robin Hood,1922,7+,7.2,100%,0,0,1,1,Ridley Scott,Action|Adventure|Drama|History,"United States,United Kingdom","English,French,Ukrainian"
Palo Alto,2014,18+,6.2,69%,0,0,1,0,Gia Coppola,Drama,United States,English
Elizabethtown,2005,13+,6.4,29%,0,0,1,0,Cameron Crowe,Comedy|Drama|Romance,United States,English
I Spit on Your Grave,2010,18+,6.3,33%,0,0,1,0,Steven R. Monroe,Horror|Thriller,United States,English
The Four Feathers,2002,13+,6.5,41%,0,0,1,0,Shekhar Kapur,Adventure|Drama|Romance|War,"United Kingdom,United States",English
The Joneses,2010,18+,6.5,63%,0,0,1,0,Derrick Borte,Comedy|Drama,United States,English
Dressed to Kill,1946,,6.9,80%,0,0,1,0,Brian De Palma,Mystery|Romance|Thriller,United States,English
Shade,2003,18+,6.3,67%,0,0,1,0,Damian Nieman,Crime|Thriller,United States,English
Saint Ralph,2005,13+,7.3,64%,0,0,1,0,Michael McGowan,Comedy|Drama|Sport,Canada,English
Stigmata,1999,18+,6.2,22%,0,0,1,0,Rupert Wainwright,Horror,"United States,Mexico","English,Assyrian Neo-Aramaic,Portuguese,Italian,Aramaic"
Home for the Holidays,1995,13+,6.6,63%,0,0,1,0,Jodie Foster,Comedy|Drama|Romance,United States,English
Les Misérables,2019,18+,7.6,,0,0,1,0,Tom Hooper,Drama|Musical|Romance,"United Kingdom,United States",English
Honey,2013,,6.7,100%,0,0,1,0,Bille Woodruff,Drama|Music|Romance,United States,English
"Yours, Mine and Ours",1968,,7.2,50%,0,0,1,0,Raja Gosnell,Comedy|Family,United States,English
The Boy,2016,13+,6,30%,0,0,1,0,William Brent Bell,Horror|Mystery|Thriller,"United States,Canada,China",English
The Alamo,1960,,6.9,52%,0,0,1,0,John Wayne,Drama|History|War|Western,United States,"English,Spanish"
The Words,2012,13+,7,25%,0,0,1,0,"Brian Klugman,Lee Sternthal",Drama|Mystery|Romance|Thriller,United States,"English,French"
Party Monster,2003,18+,6.3,29%,0,0,1,0,"Fenton Bailey,Randy Barbato",Biography|Crime|Drama|Thriller,"United States,Netherlands",English
The Brothers Grimm,2005,13+,5.9,38%,0,0,1,0,Terry Gilliam,Action|Adventure|Comedy|Fantasy|Thriller,"United States,Czech Republic,United Kingdom","English,French,German,Italian"
The Three Musketeers,1921,,7,100%,0,0,1,1,Paul W.S. Anderson,Action|Adventure|Romance,"United States,Germany,France,United Kingdom",English
Escobar: Paradise Lost,2014,13+,6.5,55%,0,0,1,0,Andrea Di Stefano,Crime|Drama|Romance|Thriller,"France,Spain,Belgium,Panama","English,Spanish"
Into the Blue,2005,13+,5.9,21%,0,0,1,0,John Stockwell,Action|Adventure|Crime|Thriller,United States,English
Dark Blue,2002,18+,6.6,59%,0,0,1,0,Ron Shelton,Crime|Drama|Romance|Thriller,"United States,United Kingdom,Germany",English
Bottle Shock,2008,13+,6.8,48%,0,0,1,0,Randall Miller,Comedy|Drama,United States,"English,French,German"
Friday the 13th Part 2,1981,18+,6.1,28%,0,0,1,0,Steve Miner,Horror|Mystery|Thriller,United States,English
The Reef,2010,18+,5.8,79%,0,0,1,0,Andrew Traucki,Horror|Thriller,Australia,English
The Perfect Game,2010,7+,6.9,57%,0,0,1,0,William Dear,Comedy|Drama|Family|Sport,"Canada,United States,Mexico","English,Spanish,Latin"
Wal-Mart: The High Cost of Low Price,2005,,6.8,93%,0,0,1,0,Robert Greenwald,Documentary,United States,English
The Possession,2012,13+,5.9,40%,0,0,1,0,Ole Bornedal,Horror|Thriller,"United States,Canada",English
Cecil B. Demented,2000,18+,6.3,53%,0,0,1,0,John Waters,Comedy|Crime|Thriller,"United States,France",English
Species,1995,18+,5.8,43%,0,0,1,0,Roger Donaldson,Action|Horror|Sci-Fi|Thriller,United States,English
The Golden Child,1986,13+,6,26%,0,0,1,0,Michael Ritchie,Action|Adventure|Comedy|Fantasy|Mystery,United States,English
Joe,1970,18+,6.8,80%,0,0,1,0,David Gordon Green,Drama,United States,English
The Mechanic,1972,7+,6.9,33%,0,0,1,0,Simon West,Action|Crime|Thriller,United States,English
The Front Page,1931,7+,6.7,92%,0,0,1,0,Lewis Milestone,Comedy|Drama|Romance,United States,English
Adore,2013,18+,6.2,34%,0,0,1,0,Anne Fontaine,Drama|Romance,"Australia,France",English
The Sisterhood of Night,2015,13+,6.2,80%,0,0,1,0,Caryn Waechter,Drama|Mystery|Thriller,United States,English
Pathology,2008,18+,6,45%,0,0,1,0,Marc Schölermann,Crime|Horror|Thriller,United States,English
Some Guy Who Kills People,2011,18+,6.4,80%,0,0,1,0,Jack Perez,Comedy|Crime|Drama|Horror|Mystery|Thriller,United States,English
Good Dick,2008,18+,6.4,50%,0,0,1,0,Marianna Palka,Comedy|Drama|Romance,United States,"English,Polish,German"
The Poker House,2008,18+,6.4,57%,0,0,1,0,Lori Petty,Drama,United States,"English,Spanish"
De-Lovely,2004,13+,6.6,48%,0,0,1,0,Irwin Winkler,Biography|Drama|Music|Musical,"United Kingdom,United States","English,French,Italian"
The Greatest Story Ever Told,1965,all,6.6,41%,0,0,1,0,"George Stevens,David Lean,Jean Negulesco",Biography|Drama|History,United States,English
Paint Your Wagon,1969,13+,6.6,27%,0,0,1,0,Joshua Logan,Comedy|Drama|Musical|Romance|Western,United States,English
Q,1982,18+,6,69%,0,0,1,0,Laurent Bouhnik,Drama,France,French
Kites,2010,13+,6.1,72%,0,0,1,0,Anurag Basu,Action|Drama|Romance|Thriller,India,"English,Hindi,Spanish"
Gulliver's Travels,1939,all,6.7,67%,0,0,1,0,Rob Letterman,Adventure|Comedy|Family|Fantasy,United States,English
Double Impact,1991,18+,5.6,35%,0,0,1,0,Sheldon Lettich,Action|Crime,United States,English
Creepshow 2,1987,18+,6.1,32%,0,0,1,0,Michael Gornick,Comedy|Fantasy|Horror|Thriller,United States,English
Falcon Rising,2014,18+,5.8,43%,0,0,1,0,Ernie Barbarash,Action|Adventure,United States,English
Dangerous Liaisons,2012,,5.9,68%,0,0,1,0,Stephen Frears,Drama|Romance,"United States,United Kingdom",English
Stop-Loss,2008,18+,6.4,65%,0,0,1,0,Kimberly Peirce,Drama|War,United States,English
Red Lights,2012,18+,6.2,30%,0,0,1,0,Rodrigo Cortés,Drama|Horror|Mystery|Thriller,"Spain,Canada",English
Twilight,1998,18+,6.2,60%,0,0,1,0,Catherine Hardwicke,Drama|Fantasy|Romance,United States,English
Letters to God,2010,7+,6.3,27%,0,0,1,0,"David Nixon,Patrick Doughtie",Drama|Family,United States,"English,Italian"
The Quiet,2005,18+,6.2,21%,0,0,1,0,Jamie Babbit,Drama|Thriller,United States,"English,American Sign Language"
Serenity,2019,18+,5.3,20%,0,0,1,0,Steven Knight,Action|Adventure|Sci-Fi|Thriller,"United Kingdom,United States","English,French"
Killers,2010,13+,5.4,10%,0,0,1,0,Robert Luketic,Action|Comedy|Romance|Thriller,United States,English
Love the Coopers,2015,13+,5.8,18%,0,0,1,0,Jessie Nelson,Comedy,United States,English
Switchback,1997,18+,6.4,32%,0,0,1,0,Jeb Stuart,Crime|Mystery|Thriller,United States,English
The Phantom,1996,7+,4.9,42%,0,0,1,0,Simon Wincer,Action|Adventure|Comedy|Fantasy,"Australia,United States",English
The Relic,1997,18+,5.8,34%,0,0,1,0,Peter Hyams,Horror|Mystery|Sci-Fi|Thriller,"United Kingdom,United States,Japan,Germany",English
Mad Money,2008,13+,5.8,22%,0,0,1,0,Callie Khouri,Comedy|Crime|Thriller,United States,English
Sharknado,2013,16+,3.3,78%,0,0,1,0,Anthony C. Ferrante,Horror,United States,English
Mambo Italiano,2003,18+,6.7,32%,0,0,1,0,Émile Gaudreault,Comedy|Drama,Canada,"English,Italian,French"
Edmond,2005,18+,6.2,47%,0,0,1,0,Alexis Michalik,Drama|Thriller,"France,Belgium","French,Russian"
They,2018,,4.7,71%,0,0,1,0,Robert Harmon,Horror|Mystery|Thriller,"United States,Canada",English
Into the Storm,2009,7+,7.1,,0,0,1,0,Steven Quale,Action|Thriller,United States,English
A Guy Thing,2003,13+,5.6,24%,0,0,1,0,Chris Koch,Comedy|Romance,United States,English
Down to Earth,2001,13+,5.5,20%,0,0,1,0,"Chris Weitz,Paul Weitz",Comedy|Fantasy,"Germany,Canada,Australia,United States",English
The Calling,2014,18+,5.8,51%,0,0,1,0,Jason Stone,Thriller,"United States,Canada,United Kingdom","English,Latin"
Veronika Decides to Die,2009,18+,6.4,,0,0,1,0,Emily Young,Drama|Romance,United States,English
Casino Jack,2010,18+,6.2,40%,0,0,1,0,George Hickenlooper,Biography|Comedy|Crime|Drama,Canada,English
Cinderella,1965,all,7.8,,0,0,1,1,Kenneth Branagh,Drama|Family|Fantasy|Romance,"United States,United Kingdom",English
Khumba,2013,all,5.7,44%,0,0,1,0,Anthony Silverston,Adventure|Animation|Family,South Africa,English
Regression,2015,18+,5.7,15%,0,0,1,0,Alejandro Amenábar,Crime|Drama|Mystery|Thriller,"Spain,Canada,United States",English
Double Take,2009,,6.2,77%,0,0,1,0,George Gallo,Action|Comedy|Crime|Thriller,United States,"English,Spanish"
Enter Nowhere,2011,18+,6.5,,0,0,1,0,Jack Heller,Mystery|Thriller,United States,English
Left Behind,2000,13+,4.5,16%,0,0,1,0,Vic Armstrong,Action|Drama|Fantasy|Mystery|Thriller,"United States,Canada",English
C.H.U.D.,1984,18+,5.6,29%,0,0,1,0,Douglas Cheek,Horror|Sci-Fi,United States,English
Another Happy Day,2011,18+,6.1,44%,0,0,1,0,Sam Levinson,Comedy|Drama,United States,English
Plush,2013,18+,5.3,33%,0,0,1,0,Catherine Hardwicke,Thriller,United States,English
Split Second,1992,18+,6.2,,0,0,1,0,Tony Maylam,Action|Crime|Horror|Sci-Fi|Thriller,United Kingdom,English
Addicted,2002,,6.9,,0,0,1,0,Bille Woodruff,Drama|Thriller,United States,"Spanish,English"
Unfinished Business,2015,18+,5.4,10%,0,0,1,0,Ken Scott,Comedy,United States,English
Bait,2000,18+,5.8,26%,0,0,1,0,Kimble Rendall,Action|Horror|Sci-Fi,"Australia,Singapore,China",English
Walter,2015,18+,5.3,54%,0,0,1,0,Anna Mastro,Comedy|Drama,United States,English
Swimfan,2002,13+,5.1,15%,0,0,1,0,John Polson,Drama|Thriller,United States,English
The Adventurer: The Curse of the Midas Box,2013,7+,5.4,20%,0,0,1,0,Jonathan Newman,Adventure|Family|Fantasy,"United Kingdom,Spain,Belgium",English
The Ladies Man,2000,18+,5.2,11%,0,0,1,0,Reginald Hudlin,Comedy,United States,English
Good,2008,18+,6.2,32%,0,0,1,0,Vicente Amorim,Drama|Romance|War,"United Kingdom,Germany,Hungary,Cayman Islands","English,German,French"
Strangerland,2015,18+,5.2,41%,0,0,1,0,Kim Farrant,Drama|Mystery|Thriller,"Ireland,Australia",English
Blood and Chocolate,2007,13+,5.5,11%,0,0,1,0,Katja von Garnier,Drama|Fantasy|Horror|Romance,"United States,United Kingdom,Germany,Romania","English,Romanian"
Song One,2015,13+,5.8,33%,0,0,1,0,Kate Barker-Froyland,Drama|Music,United States,English
Strange Wilderness,2008,18+,5.3,2%,0,0,1,0,Fred Wolf,Adventure|Comedy,United States,English
Safe House,1998,,7,,0,0,1,0,Daniel Espinosa,Action|Crime|Mystery|Thriller,"South Africa,Japan,United States","English,Afrikaans"
Shine,2017,18+,4.7,50%,0,0,1,0,Scott Hicks,Biography|Drama|Music|Romance,Australia,"English,Yiddish"
Crocodile Dundee in Los Angeles,2001,7+,4.8,11%,0,0,1,0,Simon Wincer,Adventure|Comedy|Crime,"Australia,United States",English
Sicario,1994,18+,6.5,,0,0,1,0,Denis Villeneuve,Action|Crime|Drama|Mystery|Thriller,"United States,Mexico,Hong Kong","English,Spanish"
Traffic,2016,,6.7,,0,0,1,0,Steven Soderbergh,Crime|Drama|Thriller,"United States,Mexico,Germany","English,Spanish"
Shadowlands,1985,,7.4,,0,0,1,0,Richard Attenborough,Biography|Drama|Romance,United Kingdom,English
All the King's Men,1999,,7.1,,0,0,1,0,Steven Zaillian,Drama|Thriller,"Germany,United States",English
Bless the Child,2000,18+,5.1,3%,0,0,1,0,Chuck Russell,Crime|Drama|Horror|Thriller,"United States,Germany",English
My Boss's Daughter,2003,13+,4.7,8%,0,0,1,0,David Zucker,Comedy|Romance,United States,English
Déjà Vu,1998,13+,7.1,,0,0,1,0,Tony Scott,Drama|Romance,"United States,United Kingdom",English
Contraband,1980,,6.6,,0,0,1,0,Baltasar Kormákur,Action|Crime|Drama|Thriller,"United States,United Kingdom,France","English,Spanish"
Fled,1996,18+,5.4,16%,0,0,1,0,Kevin Hooks,Action|Adventure|Crime|Drama|Romance,United States,"English,Spanish"
Lucky Numbers,2000,18+,5,22%,0,0,1,0,Nora Ephron,Comedy|Crime,"France,United States",English
March or Die,1977,7+,6.3,,0,0,1,0,Dick Richards,Adventure|Drama|Romance|War,United Kingdom,English
The Statement,2003,18+,6.2,23%,0,0,1,0,Norman Jewison,Drama|Thriller,"Canada,France,United Kingdom","English,German,Italian,Latin,French"
Shame,1988,18+,7,,0,0,1,0,Steve McQueen,Drama,"United Kingdom,Canada,United States",English
The Gambler,2013,,7.2,,0,0,1,0,Rupert Wyatt,Crime|Drama|Thriller,United States,English
Chain Letter,2010,18+,4.1,33%,0,0,1,0,Deon Taylor,Horror|Thriller,United States,English
The Brain That Wouldn't Die,1962,,4.4,38%,0,0,1,0,Joseph Green,Horror|Sci-Fi,United States,English
Anastasia,1997,all,5.5,85%,0,0,1,0,"Don Bluth,Gary Goldman",Adventure|Animation|Drama|Family|Fantasy|Musical|Mystery|Romance,United States,"English,Russian,French"
Fortress,2012,13+,5,,0,0,1,0,Stuart Gordon,Action|Crime|Sci-Fi|Thriller,Australia,English
The Greatest,1977,7+,6,,0,0,1,0,Shana Feste,Drama|Romance,United States,English
Happily N'Ever After,2006,7+,4.5,4%,0,0,1,0,"Paul Bolger,Yvette Kaplan,Greg Tiernan,Dino Athanassiou",Adventure|Animation|Comedy|Family|Fantasy,"United States,Germany,Canada,United Kingdom",English
The Last of the Mohicans,1920,,6.7,,0,0,1,0,Michael Mann,Action|Adventure|Drama|Romance|War,United States,"English,French,North American Indian"
Sparkle,2007,7+,6,78%,0,0,1,0,Salim Akil,Drama|Music,United States,English
A Christmas Carol,1997,7+,6,,0,0,1,0,,Animation|Drama|Family|Fantasy,"United Kingdom,United States",English
The Other Boleyn Girl,2003,,6.1,,0,0,1,0,Justin Chadwick,Biography|Drama|History|Romance,"United Kingdom,United States",English
Margaret,2009,16+,7.2,,0,0,1,0,Kenneth Lonergan,Drama,United States,English
Forget Me Not,2009,18+,5.2,,0,0,1,0,Tyler Oliver,Horror|Romance|Thriller,United States,English
Accidental Love,2015,13+,4.1,9%,0,0,1,0,David O. Russell,Comedy|Romance,"United States,United Kingdom","English,Portuguese"
Bound,2015,,3.5,,0,0,1,0,"Lana Wachowski,Lilly Wachowski",Crime|Drama|Romance|Thriller,United States,"English,Italian"
War,2014,,6.7,,0,0,1,0,Philip G. Atwell,Action|Crime|Thriller,"United States,Canada","English,Mandarin,Japanese,Cantonese"
Darkness Falls,1999,18+,5.7,,0,0,1,0,Jonathan Liebesman,Horror|Mystery|Thriller,"United States,Australia",English
BloodRayne,2005,18+,2.9,4%,0,0,1,0,Uwe Boll,Action|Adventure|Fantasy|Horror,"Germany,United States",English
Teen Wolf Too,1987,7+,3.4,7%,0,0,1,0,Christopher Leitch,Comedy|Fantasy,United States,English
The Sitter,2007,7+,4.9,,0,0,1,0,David Gordon Green,Comedy,United States,English
Wicked Blood,2014,,5.4,,0,0,1,0,Mark Young,Action|Crime|Drama|Thriller,United States,English
Ordinary People,2009,,6.1,,0,0,1,0,Robert Redford,Drama,United States,English
Amnesiac,2015,18+,4.3,27%,0,0,1,0,Michael Polish,Drama|Horror|Mystery|Thriller,United States,English
Silent Trigger,1996,18+,5.5,,0,0,1,0,Russell Mulcahy,Action|Drama|Thriller,"Canada,United Kingdom",English
Swelter,2014,18+,4.5,,0,0,1,0,Keith Parmer,Action|Crime|Drama|Thriller,United States,English
The Covenant,2017,18+,5,,0,0,1,0,Renny Harlin,Action|Fantasy|Horror|Thriller,United States,English
Restoration,2011,,6.8,,0,0,1,0,Michael Hoffman,Horror,"United States,United Kingdom","English,Latin"
Drive Hard,2014,,4.3,8%,0,0,1,0,Brian Trenchard-Smith,Action|Comedy|Crime,Canada,English
Wolf,2012,,6.9,,0,0,1,0,Mike Nichols,Drama|Horror|Romance|Thriller,United States,"English,Spanish"
Vamps,2017,,4.2,,0,0,1,0,Amy Heckerling,Comedy|Horror|Romance,United States,English
Steel,2015,,5.4,,0,0,1,0,Kenneth Johnson,Action|Crime|Sci-Fi,United States,English
The Unborn,1991,18+,4.4,,0,0,1,0,David S. Goyer,Drama|Fantasy|Horror|Mystery|Thriller,United States,"English,Hebrew"
The Hunted,2014,13+,4.7,,0,0,1,0,William Friedkin,Action|Crime|Drama|Thriller,United States,"English,Serbo-Croatian"
Daddy's Home,2014,,3.9,,0,0,1,0,Amy Heckerling,Comedy|Family,United States,English
The Count of Monte Cristo,1996,,5.4,,0,0,1,0,Kevin Reynolds,Action|Adventure|Drama|Romance|Thriller,"United Kingdom,United States,Ireland,Switzerland",English
The Losers,1970,18+,5.4,,0,0,1,0,Sylvain White,Action|Crime|Drama|Mystery|Thriller,"United States,France",English
The Judge,1949,,6.2,,0,0,1,0,David Dobkin,Crime|Drama,United States,English
Airborne,1962,,5.4,,0,0,1,0,Tom McCarthy,Adventure|Comedy|Sport,United States,English
The Borrowers,1973,,5.5,,0,0,1,0,Peter Hewitt,Adventure|Comedy|Family|Fantasy,"United Kingdom,United States",English
Remember Me,2016,,5,,0,0,1,0,"Lee Unkrich,Adrian Molina",Drama|Romance,United States,"English,Spanish"
Hamlet,2012,,5.2,,0,0,1,0,Kenneth Branagh,Drama,"United Kingdom,United States",English
The Fighter,1952,,5.9,,0,0,1,0,David O. Russell,Biography|Drama|Sport,United States,English
The Last Stand,2006,18+,4,,0,0,1,0,Jee-woon Kim,Action|Crime|Thriller,United States,English
Darkness,2014,,4.5,,0,0,1,0,Jaume Balagueró,Horror,"United States,Spain",English
Detention,2003,18+,4.1,,0,0,1,0,Joseph Kahn,Comedy|Horror|Sci-Fi,United States,English
Wolves,1999,,6.6,,0,0,1,0,David Hayter,Action|Horror,"France,Canada",English
Sky High,2012,,7.3,,0,0,1,0,Mike Mitchell,Adventure|Comedy|Family|Sci-Fi,United States,"English,Cantonese"
A Walk on the Moon,1987,,6,,0,0,1,0,Tony Goldwyn,Drama,United States,English
Sleeper,2012,18+,3.8,,0,0,1,0,Woody Allen,Comedy|Sci-Fi,United States,"English,Yiddish"
Zombie Hunter,2013,18+,3.5,,0,0,1,0,K. King,Action|Comedy|Horror,United States,English
Coming Home,2012,,6.1,,0,0,1,0,Hal Ashby,Drama,United States,English
Daylight,2013,,4,,0,0,1,0,Rob Cohen,Action|Adventure|Drama|Thriller,United States,English
Payback,1990,,4.5,,0,0,1,0,Brian Helgeland,Action|Crime|Drama|Thriller,United States,English
Puss in Boots,1993,,5,,0,0,1,0,Chris Miller,Action|Adventure|Animation|Comedy|Family|Fantasy,United States,"English,Spanish"
Monster,2008,,2.1,,0,0,1,0,Bong Joon Ho,Biography|Crime|Drama|Thriller,South Korea,"Korean,English"
Alien Uprising,2008,,3.1,,0,0,1,0,Dominic Burns,Comedy|Sci-Fi,United Kingdom,English
Sunshine,2013,,,,0,0,1,0,Danny Boyle,Adventure|Sci-Fi|Thriller,"United Kingdom,United States",English
The Lion King,1994,all,8.5,93%,0,0,0,1,Jon Favreau,Adventure|Animation|Drama|Family|Musical,"United States,United Kingdom","English,Xhosa,Zulu,French,Spanish"
Toy Story,1995,all,8.3,100%,0,0,0,1,John Lasseter,Adventure|Animation|Comedy|Family|Fantasy,United States,English
WALL·E,2008,all,8.4,95%,0,0,0,1,Andrew Stanton,Adventure|Animation|Family|Sci-Fi,United States,English
Up,2009,7+,8.2,98%,0,0,0,1,"Pete Docter,Bob Peterson",Adventure|Animation|Comedy|Family,United States,English
Guardians of the Galaxy,2014,13+,8,91%,0,0,0,1,James Gunn,Action|Adventure|Sci-Fi,United States,English
Finding Nemo,2003,all,8.1,99%,0,0,0,1,"Andrew Stanton,Lee Unkrich",Adventure|Animation|Comedy|Family,"United States,Australia",English
Toy Story 3,2010,all,8.3,98%,0,0,0,1,Lee Unkrich,Adventure|Animation|Comedy|Family|Fantasy,United States,"English,Spanish"
"Monsters, Inc.",2001,all,8,96%,0,0,0,1,"Pete Docter,David Silverman,Lee Unkrich",Adventure|Animation|Comedy|Family|Fantasy,United States,English
The Princess Bride,1987,7+,8.1,97%,0,0,0,1,Rob Reiner,Adventure|Family|Fantasy|Romance,United States,English
Ratatouille,2007,all,8,96%,0,0,0,1,"Brad Bird,Jan Pinkava",Animation|Comedy|Family|Fantasy,United States,"English,French"
Captain America: The Winter Soldier,2014,13+,7.7,90%,0,0,0,1,"Anthony Russo,Joe Russo",Action|Adventure|Sci-Fi,United States,"English,French"
Aladdin,1992,all,8,95%,0,0,0,1,Guy Ritchie,Adventure|Animation|Comedy|Family|Fantasy|Musical|Romance,United States,"English,Arabic"
Toy Story 2,1999,all,7.9,100%,0,0,0,1,"John Lasseter,Ash Brannon,Lee Unkrich",Adventure|Animation|Comedy|Family|Fantasy,United States,"English,Arabic,Spanish"
The Incredibles,2004,7+,8,97%,0,0,0,1,Brad Bird,Action|Adventure|Animation|Family,United States,"English,French"
Pirates of the Caribbean: The Curse of the Black Pearl,2003,13+,8,79%,0,0,0,1,Gore Verbinski,Action|Adventure|Fantasy,United States,English
Avatar,2009,13+,7.8,82%,0,0,0,1,,Action|Adventure|Fantasy|Sci-Fi,United States,English
Big Hero 6,2014,7+,7.8,89%,0,0,0,1,"Don Hall,Chris Williams",Action|Adventure|Animation|Comedy|Drama|Family|Sci-Fi,United States,English
Frozen,2013,7+,7.4,90%,0,0,0,1,"Chris Buck,Jennifer Lee",Adventure|Animation|Comedy|Family|Fantasy|Musical,United States,"English,Norwegian"
Tangled,2010,7+,7.7,89%,0,0,0,1,"Nathan Greno,Byron Howard",Adventure|Animation|Comedy|Family|Fantasy|Musical|Romance,United States,English
Wreck-It Ralph,2012,7+,7.7,87%,0,0,0,1,Rich Moore,Adventure|Animation|Comedy|Family|Sci-Fi,United States,English
Ant-Man,2015,13+,7.3,83%,0,0,0,1,Peyton Reed,Action|Adventure|Comedy|Sci-Fi,United States,English
Avengers: Age of Ultron,2015,13+,7.3,75%,0,0,0,1,Joss Whedon,Action|Adventure|Sci-Fi,United States,"English,Korean"
Mary Poppins,1964,all,7.8,100%,0,0,0,1,Robert Stevenson,Comedy|Family|Fantasy|Musical,United States,English
Mulan,1998,all,7.6,86%,0,0,0,1,Niki Caro,Adventure|Animation|Family|Fantasy|Musical|War,United States,English
Iron Man 3,2013,13+,7.2,79%,0,0,0,1,Shane Black,Action|Adventure|Sci-Fi,United States,English
The Sound of Music,1965,all,8,83%,0,0,0,1,Robert Wise,Biography|Drama|Family|Musical|Romance,United States,"English,German"
Ice Age,2002,7+,7.5,77%,0,0,0,1,"Chris Wedge,Carlos Saldanha",Adventure|Animation|Comedy|Family,United States,English
Cars,2006,all,7.1,75%,0,0,0,1,"John Lasseter,Joe Ranft",Adventure|Animation|Comedy|Family|Sport,United States,"English,Italian,Japanese,Yiddish"
Monsters University,2013,all,7.3,80%,0,0,0,1,Dan Scanlon,Adventure|Animation|Comedy|Family|Fantasy,United States,English
A Bug's Life,1998,all,7.2,92%,0,0,0,1,"John Lasseter,Andrew Stanton",Adventure|Animation|Comedy|Family|Fantasy,United States,English
The Jungle Book,1967,all,7.6,87%,0,0,0,1,Jon Favreau,Adventure|Drama|Family|Fantasy,"United Kingdom,United States",English
Remember the Titans,2000,7+,7.8,73%,0,0,0,1,Boaz Yakin,Biography|Drama|Sport,United States,English
Brave,2012,7+,7.1,78%,0,0,0,1,"Mark Andrews,Brenda Chapman,Steve Purcell",Adventure|Animation|Comedy|Family|Fantasy,"United States,United Kingdom",English
The Simpsons Movie,2007,13+,7.3,88%,0,0,0,1,David Silverman,Adventure|Animation|Comedy,United States,English
The Emperor's New Groove,2000,all,7.3,85%,0,0,0,1,Mark Dindal,Adventure|Animation|Comedy|Family|Fantasy,United States,English
The Straight Story,1999,all,8,95%,0,0,0,1,David Lynch,Biography|Drama,"France,United Kingdom,United States",English
Pinocchio,1940,all,7.4,100%,0,0,0,1,Matteo Garrone,Animation|Family|Fantasy|Musical,"Italy,France,United Kingdom",Italian
Thor: The Dark World,2013,13+,6.9,66%,0,0,0,1,Alan Taylor,Action|Adventure|Fantasy,United States,English
Lilo & Stitch,2002,7+,7.2,86%,0,0,0,1,"Dean DeBlois,Chris Sanders",Adventure|Animation|Comedy|Drama|Family|Fantasy|Sci-Fi,United States,"English,Hawaiian"
Pirates of the Caribbean: Dead Man's Chest,2006,13+,7.3,53%,0,0,0,1,Gore Verbinski,Action|Adventure|Fantasy,United States,"English,Turkish,Greek,Mandarin,French"
Alice in Wonderland,1951,all,7.4,81%,0,0,0,1,Tim Burton,Adventure|Family|Fantasy,United States,English
"The Chronicles of Narnia: The Lion, the Witch and the Wardrobe",2005,7+,6.9,76%,0,0,0,1,Andrew Adamson,Adventure|Family|Fantasy,"United Kingdom,United States","English,German,Brazilian Sign Language"
Pirates of the Caribbean: At World's End,2007,13+,7.1,44%,0,0,0,1,Gore Verbinski,Action|Adventure|Fantasy,United States,English
Star Wars: Episode II - Attack of the Clones,2002,7+,6.5,65%,0,0,0,1,George Lucas,Action|Adventure|Fantasy|Sci-Fi,United States,English
Star Wars: Episode I - The Phantom Menace,1999,7+,6.5,53%,0,0,0,1,George Lucas,Action|Adventure|Fantasy|Sci-Fi,United States,English
Cool Runnings,1993,7+,7,76%,0,0,0,1,Jon Turteltaub,Adventure|Comedy|Family|Sport,United States,"English,German,Russian"
The Muppet Christmas Carol,1992,all,7.7,75%,0,0,0,1,Brian Henson,Comedy|Drama|Family|Fantasy|Musical,"United States,United Kingdom",English
Treasure Planet,2002,7+,7.2,69%,0,0,0,1,"Ron Clements,John Musker",Adventure|Animation|Family|Sci-Fi,United States,English
Holes,2003,7+,7,78%,0,0,0,1,Andrew Davis,Adventure|Comedy|Drama|Family|Mystery,United States,English
Pete's Dragon,2016,7+,6.7,88%,0,0,0,1,David Lowery,Adventure|Family|Fantasy,United States,English
The Good Dinosaur,2015,7+,6.7,76%,0,0,0,1,Peter Sohn,Adventure|Animation|Comedy|Family|Fantasy,United States,English
Frankenweenie,2012,7+,6.9,87%,0,0,0,1,Tim Burton,Animation|Comedy|Family|Horror|Sci-Fi,United States,English
Winnie the Pooh,2011,all,7.2,91%,0,0,0,1,Marc Forster,Adventure|Animation|Comedy|Family|Musical,"United Kingdom,United States",English
TRON: Legacy,2010,7+,6.8,51%,0,0,0,1,Joseph Kosinski,Action|Adventure|Sci-Fi,United States,English
The Chronicles of Narnia: Prince Caspian,2008,7+,6.5,66%,0,0,0,1,Andrew Adamson,Action|Adventure|Family|Fantasy,"United States,Poland,Slovenia,Czech Republic,United Kingdom",English
Star Wars: Episode III - Revenge of the Sith,2005,13+,7.5,,0,0,0,1,George Lucas,Action|Adventure|Fantasy|Sci-Fi,United States,English
Fantasia 2000,1999,all,7.2,81%,0,0,0,1,"James Algar,Gaëtan Brizzi,Paul Brizzi,Hendel Butoy,Francis Glebas,Eric Goldberg,Don Hahn,Pixote Hunt",Animation|Family|Fantasy|Music,United States,English
Eight Below,2006,7+,7.3,72%,0,0,0,1,Frank Marshall,Adventure|Drama|Family,United States,English
John Carter,2012,13+,6.6,52%,0,0,0,1,Andrew Stanton,Action|Adventure|Sci-Fi,United States,English
Freaky Friday,2003,7+,6.1,88%,0,0,0,1,Mark Waters,Comedy|Family|Fantasy|Music|Romance,United States,"English,Mandarin"
The Santa Clause,1994,7+,6.5,71%,0,0,0,1,John Pasquin,Comedy|Drama|Family|Fantasy,"United States,Canada","English,Spanish"
Pirates of the Caribbean: On Stranger Tides,2011,13+,6.6,33%,0,0,0,1,Rob Marshall,Action|Adventure|Fantasy,"United States,United Kingdom","English,Spanish"
The BFG,2016,7+,6.4,75%,0,0,0,1,Steven Spielberg,Adventure|Family|Fantasy,"United States,India,United Kingdom",English
The Princess Diaries,2001,all,6.3,48%,0,0,0,1,Garry Marshall,Comedy|Family|Romance,"United States,United Kingdom","English,Dutch,Italian"
The Greatest Game Ever Played,2005,7+,7.4,63%,0,0,0,1,Bill Paxton,Drama|History|Sport,"United States,Canada",English
Hocus Pocus,1993,7+,6.9,34%,0,0,0,1,Kenny Ortega,Comedy|Family|Fantasy,United States,"English,French"
Secretariat,2010,7+,7.2,63%,0,0,0,1,Randall Wallace,Biography|Drama|Family|History|Sport,United States,English
High School Musical,2006,all,5.4,63%,0,0,0,1,Kenny Ortega,Comedy|Drama|Family|Music|Musical|Romance,United States,"English,Spanish"
Atlantis: The Lost Empire,2001,7+,6.9,49%,0,0,0,1,"Gary Trousdale,Kirk Wise",Action|Adventure|Animation|Family|Fantasy|Sci-Fi,United States,"English,French,Spanish"
Journey to the Center of the Earth,1959,all,7,86%,0,0,0,1,Eric Brevig,Action|Adventure|Family|Fantasy|Sci-Fi,United States,"English,Icelandic,Italian"
High School Musical 2,2007,all,5,82%,0,0,0,1,Kenny Ortega,Comedy|Drama|Family|Music|Musical|Romance,United States,English
Muppets Most Wanted,2014,7+,6.4,80%,0,0,0,1,James Bobin,Adventure|Comedy|Crime|Family|Musical,United States,"English,German"
Cars 2,2011,all,6.1,39%,0,0,0,1,"John Lasseter,Bradford Lewis",Adventure|Animation|Comedy|Family|Sport,United States,"English,Japanese,Italian,French"
Dinosaur,2000,7+,6.5,64%,0,0,0,1,"Eric Leighton,Ralph Zondag",Adventure|Animation|Family|Thriller,United States,English
Tuck Everlasting,2002,7+,6.6,60%,0,0,0,1,Jay Russell,Drama|Family|Fantasy|Romance,United States,"English,French"
High School Musical 3: Senior Year,2008,all,4.8,64%,0,0,0,1,Kenny Ortega,Comedy|Drama|Family|Music|Musical|Romance,United States,English
Return to Oz,1985,7+,6.7,52%,0,0,0,1,Walter Murch,Adventure|Family|Fantasy|Horror|Mystery,"United Kingdom,United States",English
Pooh's Heffalump Movie,2005,all,6.4,80%,0,0,0,1,Frank Nissen,Animation|Family|Fantasy|Mystery,United States,English
Glory Road,2006,7+,7.2,,0,0,0,1,James Gartner,Biography|Drama|Sport,United States,English
Diary of a Wimpy Kid,2010,7+,6.2,53%,0,0,0,1,Thor Freudenthal,Comedy|Family,"United States,United Kingdom","English,German"
The Odd Life of Timothy Green,2012,7+,6.6,35%,0,0,0,1,Peter Hedges,Comedy|Drama|Family|Fantasy,United States,English
Splash,1984,7+,6.2,90%,0,0,0,1,Ron Howard,Comedy|Fantasy|Romance,United States,"English,Swedish"
The Princess Diaries 2: Royal Engagement,2004,all,5.8,26%,0,0,0,1,Garry Marshall,Comedy|Family|Romance,United States,"English,Greek,French,Spanish"
The Game Plan,2007,7+,6.1,28%,0,0,0,1,Andy Fickman,Comedy|Family|Sport,United States,English
The Tigger Movie,2000,all,6.3,62%,0,0,0,1,Jun Falkenstein,Animation|Comedy|Drama|Family|Musical,"United States,Japan",English
The Last Song,2010,7+,6,21%,0,0,0,1,Julie Anne Robinson,Drama|Family|Music|Romance,United States,English
George of the Jungle,1997,7+,5.5,57%,0,0,0,1,Sam Weisman,Action|Adventure|Comedy|Family|Romance,United States,"English,Spanish"
The Santa Clause 2,2002,all,5.6,56%,0,0,0,1,Michael Lembeck,Comedy|Family|Fantasy,"United States,Canada",English
Ice Princess,2005,all,6,52%,0,0,0,1,Tim Fywell,Comedy|Drama|Family|Sport,"United States,Canada",English
Bedtime Stories,2008,7+,6,26%,0,0,0,1,Adam Shankman,Comedy|Family|Fantasy|Romance,United States,English
Cheaper by the Dozen,2003,7+,5.9,24%,0,0,0,1,Shawn Levy,Comedy|Family,United States,English
Because of Winn-Dixie,2005,7+,6.3,55%,0,0,0,1,Wayne Wang,Comedy|Drama|Family,United States,English
Red Tails,2012,13+,5.9,40%,0,0,0,1,Anthony Hemingway,Action|Adventure|Drama|History|War,United States,"English,Italian,German"
Doctor Dolittle,1998,13+,5.4,42%,0,0,0,1,Betty Thomas,Comedy|Family|Fantasy,United States,English
Recess: School's Out,2001,all,6.6,60%,0,0,0,1,Chuck Sheetz,Animation|Comedy|Family|Mystery|Sci-Fi,"United States,Japan",English
The Adventures of Huck Finn,1993,7+,6.2,73%,0,0,0,1,Stephen Sommers,Adventure|Comedy|Drama|Family,United States,"English,French"
Hannah Montana: The Movie,2009,all,4.5,44%,0,0,0,1,Peter Chelsom,Comedy|Drama|Family|Music|Romance,United States,English
Mighty Joe Young,1998,7+,5.6,55%,0,0,0,1,Ron Underwood,Action|Adventure|Family|Fantasy|Thriller,United States,"English,Swahili"
The Lizzie McGuire Movie,2003,7+,5.5,41%,0,0,0,1,Jim Fall,Adventure|Comedy|Family|Music|Romance,United States,"English,Italian"
The Black Hole,1979,7+,6,40%,0,0,0,1,Gary Nelson,Action|Sci-Fi,United States,English
Around the World in 80 Days,2004,7+,5.9,32%,0,0,0,1,Frank Coraci,Action|Adventure|Comedy,"United States,Germany,Ireland,United Kingdom","English,Cantonese,French,German,Hindi,Turkish"
Flubber,1997,7+,5.3,24%,0,0,0,1,Les Mayfield,Comedy|Family|Sci-Fi,United States,English
Return to Never Land,2002,all,5.8,45%,0,0,0,1,"Robin Budd,Donovan Cook",Adventure|Animation|Family|Fantasy,"United States,Canada,Australia",English
The Shaggy Dog,1959,all,6.5,68%,0,0,0,1,Charles Barton,Comedy|Family|Fantasy,United States,English
Home on the Range,2004,7+,5.3,53%,0,0,0,1,"Will Finn,John Sanford",Animation|Comedy|Family|Music|Western,United States,"English,Mandarin"
Herbie Fully Loaded,2005,all,4.8,41%,0,0,0,1,Angela Robinson,Adventure|Comedy|Family|Fantasy|Romance|Sport,United States,English
Mars Needs Moms,2011,7+,5.4,37%,0,0,0,1,Simon Wells,Action|Adventure|Animation|Comedy|Family|Sci-Fi,United States,English
Annie,1999,all,6.7,,0,0,0,1,John Huston,Comedy|Drama|Family|Musical,United States,English
G-Force,2009,7+,5.1,22%,0,0,0,1,Hoyt Yeatman,Action|Adventure|Animation|Comedy|Family|Fantasy|Sci-Fi,United States,"Spanish,English"
Snow Dogs,2002,7+,5.2,25%,0,0,0,1,Brian Levant,Adventure|Comedy|Family|Sport,"Canada,United States",English
Dr. Dolittle 2,2001,7+,4.7,42%,0,0,0,1,Steve Carr,Comedy|Family|Fantasy,United States,English
102 Dalmatians,2000,all,4.9,31%,0,0,0,1,Kevin Lima,Adventure|Comedy|Family,"United States,United Kingdom",English
Prom,2011,7+,5.4,36%,0,0,0,1,Joe Nussbaum,Comedy|Drama,United States,English
Valiant,2005,all,5.5,32%,0,0,0,1,Gary Chapman,Adventure|Animation|Comedy|Family|War,"United Kingdom,United States",English
The Haunted Mansion,2003,7+,5,14%,0,0,0,1,Rob Minkoff,Comedy|Family|Fantasy|Horror|Mystery,United States,English
The Jungle Book 2,2003,all,5.4,19%,0,0,0,1,Steve Trenbirth,Adventure|Animation|Family|Musical,"United States,Australia",English
Confessions of a Teenage Drama Queen,2004,7+,4.6,14%,0,0,0,1,Sara Sugarman,Comedy|Family|Music|Romance,"Germany,United States",English
Doug's 1st Movie,1999,all,5,26%,0,0,0,1,Maurice Joyce,Animation|Comedy|Family,United States,English
Pocahontas,1995,,5.3,55%,0,0,0,1,"Mike Gabriel,Eric Goldberg",Adventure|Animation|Drama|Family|History|Musical|Romance,United States,"English,Algonquin"
